DATETIME,PRICE,CARRY,CARRY_CONTRACT,PRICE_CONTRACT
2009-10-01,95.0,95.015,201906,201909
2009-10-02,94.97,94.985,201906,201909
2009-10-05,94.93,94.945,201906,201909
2009-10-06,94.895,94.91,201906,201909
2009-10-07,94.99,95.005,201906,201909
2009-10-08,94.9,94.915,201906,201909
2009-10-09,94.715,94.73,201906,201909
2009-10-13,94.795,94.81,201906,201909
2009-10-14,94.61,94.625,201906,201909
2009-10-15,94.555,94.57,201906,201909
2009-10-16,94.675,94.69,201906,201909
2009-10-19,94.7,94.715,201906,201909
2009-10-20,94.765,94.78,201906,201909
2009-10-21,94.65,94.665,201906,201909
2009-10-22,94.63,94.645,201906,201909
2009-10-26,94.46,94.475,201906,201909
2009-10-27,94.565,94.58,201906,201909
2009-10-28,94.605,94.62,201906,201909
2009-10-29,94.51,94.525,201906,201909
2009-10-30,94.625,94.64,201906,201909
2009-11-02,94.59,94.605,201906,201909
2009-11-03,94.52,94.535,201906,201909
2009-11-04,94.385,94.4,201906,201909
2009-11-05,94.36,94.375,201906,201909
2009-11-06,94.38,94.395,201906,201909
2009-11-09,94.425,94.44,201906,201909
2009-11-10,94.43,94.445,201906,201909
2009-11-12,94.515,94.53,201906,201909
2009-11-13,94.555,94.57,201906,201909
2009-11-16,94.7,94.715,201906,201909
2009-11-17,94.7,94.715,201906,201909
2009-11-18,94.61,94.625,201906,201909
2009-11-19,94.61,94.625,201906,201909
2009-11-20,94.585,94.6,201906,201909
2009-11-23,94.665,94.68,201906,201909
2009-11-24,94.685,94.7,201906,201909
2009-11-25,94.77,94.785,201906,201909
2009-11-27,94.845,94.86,201906,201909
2009-11-30,94.77,94.785,201906,201909
2009-12-01,94.57,94.59,201906,201909
2009-12-02,94.55,94.57,201906,201909
2009-12-03,94.425,94.445,201906,201909
2009-12-04,94.32,94.34,201906,201909
2009-12-07,94.315,94.335,201906,201909
2009-12-08,94.385,94.405,201906,201909
2009-12-09,94.35,94.37,201906,201909
2009-12-10,94.265,94.285,201906,201909
2009-12-11,94.215,94.235,201906,201909
2009-12-14,94.245,94.265,201906,201909
2009-12-15,94.205,94.225,201906,201909
2009-12-16,94.205,94.225,201906,201909
2009-12-17,94.325,94.345,201906,201909
2009-12-18,94.27,94.29,201906,201909
2009-12-21,94.03,94.055,201906,201909
2009-12-22,93.95,93.975,201906,201909
2009-12-23,93.98,94.005,201906,201909
2009-12-24,93.915,93.94,201906,201909
2009-12-28,93.885,93.91,201906,201909
2009-12-29,93.97,93.995,201906,201909
2009-12-30,94.045,94.07,201906,201909
2009-12-31,94.015,94.04,201906,201909
2010-01-04,94.0,94.025,201906,201909
2010-01-06,94.015,94.04,201906,201909
2010-01-07,93.99,94.015,201906,201909
2010-01-08,93.99,94.015,201906,201909
2010-01-11,93.96,93.985,201906,201909
2010-01-12,94.085,94.11,201906,201909
2010-01-13,93.985,94.01,201906,201909
2010-01-14,94.06,94.085,201906,201909
2010-01-15,94.115,94.14,201906,201909
2010-01-19,94.085,94.11,201906,201909
2010-01-20,94.15,94.175,201906,201909
2010-01-21,94.22,94.245,201906,201909
2010-01-22,94.22,94.245,201906,201909
2010-01-25,94.185,94.21,201906,201909
2010-01-26,94.175,94.2,201906,201909
2010-01-27,94.165,94.19,201906,201909
2010-01-28,94.15,94.175,201906,201909
2010-01-29,94.205,94.23,201906,201909
2010-02-01,94.17,94.195,201906,201909
2010-02-02,94.185,94.21,201906,201909
2010-02-03,94.13,94.155,201906,201909
2010-02-04,94.205,94.23,201906,201909
2010-02-05,94.26,94.285,201906,201909
2010-02-08,94.22,94.245,201906,201909
2010-02-09,94.185,94.21,201906,201909
2010-02-10,94.14,94.165,201906,201909
2010-02-11,94.12,94.145,201906,201909
2010-02-12,94.135,94.16,201906,201909
2010-02-16,94.165,94.19,201906,201909
2010-02-17,94.055,94.08,201906,201909
2010-02-18,93.98,94.005,201906,201909
2010-02-19,94.085,94.11,201906,201909
2010-02-22,94.05,94.075,201906,201909
2010-02-24,94.175,94.2,201906,201909
2010-02-25,94.25,94.275,201906,201909
2010-02-26,94.285,94.31,201906,201909
2010-03-01,94.26,94.285,201906,201909
2010-03-02,94.245,94.275,201906,201909
2010-03-03,94.25,94.28,201906,201909
2010-03-04,94.31,94.34,201906,201909
2010-03-05,94.215,94.245,201906,201909
2010-03-08,94.15,94.18,201906,201909
2010-03-09,94.16,94.19,201906,201909
2010-03-10,94.175,94.205,201906,201909
2010-03-11,94.195,94.225,201906,201909
2010-03-12,94.245,94.275,201906,201909
2010-03-15,94.21,94.24,201906,201909
2010-03-16,94.285,94.315,201906,201909
2010-03-17,94.3,94.33,201906,201909
2010-03-18,94.295,94.325,201906,201909
2010-03-19,94.295,94.325,201906,201909
2010-03-22,94.345,94.375,201906,201909
2010-03-23,94.39,94.42,201906,201909
2010-03-24,94.28,94.31,201906,201909
2010-03-25,94.18,94.21,201906,201909
2010-03-26,94.21,94.24,201906,201909
2010-03-29,94.175,94.205,201906,201909
2010-03-30,94.165,94.195,201906,201909
2010-03-31,94.195,94.225,201906,201909
2010-04-01,94.155,94.18,201906,201909
2010-04-05,94.01,94.035,201906,201909
2010-04-06,94.1,94.13,201906,201909
2010-04-07,94.21,94.24,201906,201909
2010-04-08,94.18,94.21,201906,201909
2010-04-09,94.18,94.21,201906,201909
2010-04-12,94.275,94.305,201906,201909
2010-04-13,94.345,94.375,201906,201909
2010-04-14,94.26,94.29,201906,201909
2010-04-15,94.25,94.28,201906,201909
2010-04-16,94.315,94.35,201906,201909
2010-04-19,94.24,94.275,201906,201909
2010-04-20,94.275,94.31,201906,201909
2010-04-21,94.365,94.4,201906,201909
2010-04-22,94.32,94.355,201906,201909
2010-04-23,94.285,94.315,201906,201909
2010-04-26,94.29,94.325,201906,201909
2010-04-27,94.4,94.435,201906,201909
2010-04-28,94.315,94.35,201906,201909
2010-04-29,94.4,94.435,201906,201909
2010-04-30,94.475,94.505,201906,201909
2010-05-03,94.435,94.465,201906,201909
2010-05-04,94.57,94.6,201906,201909
2010-05-05,94.655,94.685,201906,201909
2010-05-06,94.76,94.79,201906,201909
2010-05-07,94.685,94.715,201906,201909
2010-05-10,94.53,94.56,201906,201909
2010-05-11,94.52,94.55,201906,201909
2010-05-12,94.5,94.53,201906,201909
2010-05-13,94.505,94.535,201906,201909
2010-05-14,94.675,94.705,201906,201909
2010-05-17,94.63,94.66,201906,201909
2010-05-18,94.7,94.73,201906,201909
2010-05-19,94.73,94.76,201906,201909
2010-05-20,94.88,94.91,201906,201909
2010-05-21,95.0,95.03,201906,201909
2010-05-24,94.945,94.975,201906,201909
2010-05-25,95.05,95.08,201906,201909
2010-05-26,95.01,95.04,201906,201909
2010-05-27,94.845,94.875,201906,201909
2010-05-28,94.88,94.91,201906,201909
2010-06-01,94.885,94.915,201906,201909
2010-06-02,94.845,94.875,201906,201909
2010-06-03,94.78,94.81,201906,201909
2010-06-04,94.97,95.0,201906,201909
2010-06-07,95.01,95.04,201906,201909
2010-06-08,95.015,95.045,201906,201909
2010-06-09,94.99,95.02,201906,201909
2010-06-10,94.82,94.85,201906,201909
2010-06-11,94.915,94.945,201906,201909
2010-06-14,94.89,94.92,201906,201909
2010-06-15,94.855,94.885,201906,201909
2010-06-16,94.88,94.91,201906,201909
2010-06-17,95.01,95.04,201906,201909
2010-06-18,94.955,94.985,201906,201909
2010-06-21,94.955,94.985,201906,201909
2010-06-22,95.035,95.065,201906,201909
2010-06-23,95.06,95.09,201906,201909
2010-06-24,95.06,95.09,201906,201909
2010-06-25,95.075,95.105,201906,201909
2010-06-28,95.195,95.225,201906,201909
2010-06-29,95.28,95.31,201906,201909
2010-06-30,95.305,95.335,201906,201909
2010-07-01,95.355,95.385,201906,201909
2010-07-02,95.285,95.315,201906,201909
2010-07-06,95.345,95.375,201906,201909
2010-07-07,95.295,95.325,201906,201909
2010-07-08,95.205,95.235,201906,201909
2010-07-09,95.135,95.16,201906,201909
2010-07-12,95.185,95.215,201906,201909
2010-07-13,95.135,95.165,201906,201909
2010-07-14,95.21,95.24,201906,201909
2010-07-15,95.295,95.325,201906,201909
2010-07-16,95.27,95.305,201906,201909
2010-07-19,95.205,95.245,201906,201909
2010-07-20,95.225,95.265,201906,201909
2010-07-21,95.305,95.345,201906,201909
2010-07-22,95.255,95.295,201906,201909
2010-07-23,95.15,95.19,201906,201909
2010-07-26,95.17,95.21,201906,201909
2010-07-27,95.13,95.17,201906,201909
2010-07-28,95.195,95.235,201906,201909
2010-07-29,95.15,95.19,201906,201909
2010-07-30,95.225,95.265,201906,201909
2010-08-02,95.19,95.23,201906,201909
2010-08-03,95.21,95.25,201906,201909
2010-08-04,95.16,95.2,201906,201909
2010-08-05,95.175,95.215,201906,201909
2010-08-06,95.275,95.315,201906,201909
2010-08-09,95.34,95.38,201906,201909
2010-08-10,95.4,95.44,201906,201909
2010-08-11,95.515,95.555,201906,201909
2010-08-12,95.49,95.53,201906,201909
2010-08-13,95.67,95.7,201906,201909
2010-08-16,95.825,95.855,201906,201909
2010-08-17,95.685,95.72,201906,201909
2010-08-18,95.63,95.665,201906,201909
2010-08-19,95.74,95.775,201906,201909
2010-08-20,95.755,95.78,201906,201909
2010-08-23,95.775,95.805,201906,201909
2010-08-24,95.885,95.92,201906,201909
2010-08-25,95.875,95.91,201906,201909
2010-08-26,95.975,96.01,201906,201909
2010-08-27,95.715,95.75,201906,201909
2010-08-30,95.88,95.915,201906,201909
2010-08-31,95.975,96.01,201906,201909
2010-09-01,95.855,95.89,201906,201909
2010-09-02,95.765,95.8,201906,201909
2010-09-03,95.66,95.695,201906,201909
2010-09-07,95.815,95.85,201906,201909
2010-09-09,95.64,95.675,201906,201909
2010-09-10,95.62,95.655,201906,201909
2010-09-13,95.65,95.685,201906,201909
2010-09-14,95.71,95.745,201906,201909
2010-09-15,95.585,95.62,201906,201909
2010-09-16,95.465,95.5,201906,201909
2010-09-17,95.5,95.535,201906,201909
2010-09-20,95.565,95.6,201906,201909
2010-09-21,95.705,95.74,201906,201909
2010-09-22,95.75,95.785,201906,201909
2010-09-23,95.71,95.745,201906,201909
2010-09-24,95.645,95.68,201906,201909
2010-09-27,95.775,95.81,201906,201909
2010-09-29,95.805,95.84,201906,201909
2010-09-30,95.775,95.81,201906,201909
2010-10-01,95.735,95.77,201906,201909
2010-10-04,95.78,95.815,201906,201909
2010-10-05,95.765,95.8,201906,201909
2010-10-06,95.81,95.85,201906,201909
2010-10-07,95.8,95.84,201906,201909
2010-10-08,95.755,95.795,201906,201909
2010-10-12,95.73,95.77,201906,201909
2010-10-13,95.7,95.745,201906,201909
2010-10-14,95.61,95.655,201906,201909
2010-10-15,95.46,95.505,201906,201909
2010-10-18,95.575,95.62,201906,201909
2010-10-19,95.58,95.625,201906,201909
2010-10-20,95.59,95.635,201906,201909
2010-10-21,95.515,95.56,201906,201909
2010-10-22,95.455,95.5,201906,201909
2010-10-25,95.48,95.525,201906,201909
2010-10-26,95.39,95.435,201906,201909
2010-10-27,95.295,95.34,201906,201909
2010-10-28,95.335,95.38,201906,201909
2010-10-29,95.375,95.42,201906,201909
2010-11-01,95.305,95.355,201906,201909
2010-11-02,95.345,95.395,201906,201909
2010-11-03,95.275,95.325,201906,201909
2010-11-04,95.31,95.365,201906,201909
2010-11-05,95.27,95.325,201906,201909
2010-11-08,95.245,95.3,201906,201909
2010-11-09,95.115,95.17,201906,201909
2010-11-10,95.165,95.22,201906,201909
2010-11-12,95.105,95.16,201906,201909
2010-11-15,94.965,95.01,201906,201909
2010-11-16,95.055,95.1,201906,201909
2010-11-17,94.98,95.025,201906,201909
2010-11-18,94.965,95.01,201906,201909
2010-11-19,94.97,95.015,201906,201909
2010-11-22,94.98,95.03,201906,201909
2010-11-23,95.075,95.125,201906,201909
2010-11-24,94.965,95.015,201906,201909
2010-11-26,95.055,95.105,201906,201909
2010-11-29,95.12,95.17,201906,201909
2010-11-30,95.13,95.18,201906,201909
2010-12-01,94.945,94.995,201906,201909
2010-12-02,94.91,94.96,201906,201909
2010-12-03,94.795,94.845,201906,201909
2010-12-06,94.85,94.9,201906,201909
2010-12-07,94.625,94.67,201906,201909
2010-12-08,94.645,94.685,201906,201909
2010-12-09,94.775,94.81,201906,201909
2010-12-10,94.69,94.725,201906,201909
2010-12-13,94.655,94.69,201906,201909
2010-12-14,94.44,94.475,201906,201909
2010-12-15,94.33,94.365,201906,201909
2010-12-16,94.395,94.43,201906,201909
2010-12-17,94.64,94.675,201906,201909
2010-12-20,94.605,94.64,201906,201909
2010-12-21,94.64,94.675,201906,201909
2010-12-22,94.66,94.695,201906,201909
2010-12-23,94.62,94.655,201906,201909
2010-12-27,94.715,94.75,201906,201909
2010-12-28,94.59,94.625,201906,201909
2010-12-29,94.745,94.78,201906,201909
2010-12-30,94.705,94.74,201906,201909
2010-12-31,94.77,94.805,201906,201909
2011-01-03,94.74,94.775,201906,201909
2011-01-04,94.715,94.75,201906,201909
2011-01-05,94.54,94.575,201906,201909
2011-01-06,94.65,94.685,201906,201909
2011-01-07,94.74,94.775,201906,201909
2011-01-10,94.77,94.805,201906,201909
2011-01-11,94.695,94.73,201906,201909
2011-01-12,94.695,94.73,201906,201909
2011-01-13,94.755,94.79,201906,201909
2011-01-14,94.705,94.74,201906,201909
2011-01-18,94.63,94.665,201906,201909
2011-01-19,94.66,94.695,201906,201909
2011-01-20,94.515,94.545,201906,201909
2011-01-21,94.61,94.64,201906,201909
2011-01-24,94.61,94.64,201906,201909
2011-01-25,94.7,94.73,201906,201909
2011-01-26,94.545,94.575,201906,201909
2011-01-27,94.585,94.615,201906,201909
2011-01-28,94.625,94.655,201906,201909
2011-01-31,94.555,94.585,201906,201909
2011-02-01,94.47,94.505,201906,201909
2011-02-02,94.445,94.48,201906,201909
2011-02-03,94.38,94.415,201906,201909
2011-02-04,94.285,94.32,201906,201909
2011-02-07,94.265,94.295,201906,201909
2011-02-08,94.225,94.255,201906,201909
2011-02-09,94.3,94.33,201906,201909
2011-02-10,94.245,94.275,201906,201909
2011-02-11,94.32,94.35,201906,201909
2011-02-14,94.37,94.405,201906,201909
2011-02-15,94.375,94.41,201906,201909
2011-02-16,94.4,94.435,201906,201909
2011-02-17,94.395,94.43,201906,201909
2011-02-18,94.35,94.385,201906,201909
2011-02-22,94.475,94.515,201906,201909
2011-02-23,94.44,94.475,201906,201909
2011-02-24,94.52,94.555,201906,201909
2011-02-25,94.53,94.57,201906,201909
2011-02-28,94.55,94.59,201906,201909
2011-03-01,94.535,94.57,201906,201909
2011-03-02,94.455,94.49,201906,201909
2011-03-03,94.375,94.41,201906,201909
2011-03-04,94.45,94.485,201906,201909
2011-03-07,94.425,94.46,201906,201909
2011-03-08,94.39,94.425,201906,201909
2011-03-09,94.45,94.485,201906,201909
2011-03-10,94.53,94.565,201906,201909
2011-03-11,94.5,94.535,201906,201909
2011-03-14,94.515,94.55,201906,201909
2011-03-15,94.565,94.6,201906,201909
2011-03-16,94.705,94.74,201906,201909
2011-03-17,94.685,94.72,201906,201909
2011-03-18,94.7,94.735,201906,201909
2011-03-21,94.66,94.69,201906,201909
2011-03-23,94.645,94.68,201906,201909
2011-03-24,94.595,94.625,201906,201909
2011-03-25,94.6,94.63,201906,201909
2011-03-28,94.615,94.645,201906,201909
2011-03-29,94.575,94.605,201906,201909
2011-03-30,94.61,94.64,201906,201909
2011-03-31,94.61,94.64,201906,201909
2011-04-01,94.66,94.69,201906,201909
2011-04-04,94.66,94.69,201906,201909
2011-04-05,94.595,94.625,201906,201909
2011-04-06,94.535,94.565,201906,201909
2011-04-07,94.505,94.54,201906,201909
2011-04-08,94.475,94.51,201906,201909
2011-04-12,94.53,94.565,201906,201909
2011-04-13,94.56,94.595,201906,201909
2011-04-14,94.55,94.58,201906,201909
2011-04-15,94.62,94.65,201906,201909
2011-04-18,94.68,94.71,201906,201909
2011-04-19,94.695,94.725,201906,201909
2011-04-20,94.66,94.69,201906,201909
2011-04-21,94.665,94.695,201906,201909
2011-04-25,94.695,94.725,201906,201909
2011-04-26,94.75,94.78,201906,201909
2011-04-27,94.685,94.715,201906,201909
2011-04-28,94.705,94.735,201906,201909
2011-04-29,94.745,94.775,201906,201909
2011-05-02,94.75,94.78,201906,201909
2011-05-03,94.785,94.815,201906,201909
2011-05-04,94.835,94.86,201906,201909
2011-05-05,94.905,94.935,201906,201909
2011-05-06,94.9,94.925,201906,201909
2011-05-09,94.91,94.935,201906,201909
2011-05-10,94.845,94.87,201906,201909
2011-05-11,94.875,94.9,201906,201909
2011-05-12,94.815,94.84,201906,201909
2011-05-13,94.86,94.88,201906,201909
2011-05-16,94.9,94.92,201906,201909
2011-05-17,94.945,94.965,201906,201909
2011-05-18,94.89,94.91,201906,201909
2011-05-19,94.845,94.865,201906,201909
2011-05-20,94.83,94.855,201906,201909
2011-05-23,94.86,94.885,201906,201909
2011-05-24,94.885,94.905,201906,201909
2011-05-25,94.88,94.9,201906,201909
2011-05-26,94.955,94.975,201906,201909
2011-05-27,94.925,94.945,201906,201909
2011-05-31,94.93,94.95,201906,201909
2011-06-01,95.0,95.02,201906,201909
2011-06-02,94.9,94.92,201906,201909
2011-06-03,94.91,94.93,201906,201909
2011-06-06,94.87,94.895,201906,201909
2011-06-07,94.84,94.865,201906,201909
2011-06-08,94.885,94.91,201906,201909
2011-06-09,94.9,94.925,201906,201909
2011-06-10,94.94,94.965,201906,201909
2011-06-13,94.93,94.955,201906,201909
2011-06-14,94.82,94.845,201906,201909
2011-06-15,94.945,94.975,201906,201909
2011-06-16,95.01,95.04,201906,201909
2011-06-17,94.975,95.005,201906,201909
2011-06-20,94.95,94.985,201906,201909
2011-06-21,94.915,94.955,201906,201909
2011-06-22,94.925,94.965,201906,201909
2011-06-23,95.035,95.075,201906,201909
2011-06-24,95.095,95.135,201906,201909
2011-06-27,95.04,95.08,201906,201909
2011-06-28,94.935,94.97,201906,201909
2011-06-29,94.865,94.9,201906,201909
2011-06-30,94.82,94.85,201906,201909
2011-07-01,94.76,94.79,201906,201909
2011-07-05,94.8,94.835,201906,201909
2011-07-06,94.805,94.84,201906,201909
2011-07-07,94.775,94.81,201906,201909
2011-07-08,94.88,94.915,201906,201909
2011-07-11,95.01,95.045,201906,201909
2011-07-12,95.02,95.06,201906,201909
2011-07-13,95.055,95.095,201906,201909
2011-07-14,94.985,95.025,201906,201909
2011-07-15,95.025,95.065,201906,201909
2011-07-18,95.04,95.08,201906,201909
2011-07-19,95.08,95.12,201906,201909
2011-07-20,95.025,95.065,201906,201909
2011-07-21,94.945,94.98,201906,201909
2011-07-22,95.01,95.05,201906,201909
2011-07-25,94.945,94.985,201906,201909
2011-07-26,94.995,95.035,201906,201909
2011-07-27,94.98,95.015,201906,201909
2011-07-28,94.985,95.02,201906,201909
2011-07-29,95.13,95.17,201906,201909
2011-08-01,95.205,95.245,201906,201909
2011-08-02,95.36,95.4,201906,201909
2011-08-03,95.42,95.46,201906,201909
2011-08-04,95.59,95.625,201906,201909
2011-08-05,95.48,95.515,201906,201909
2011-08-08,95.71,95.745,201906,201909
2011-08-09,95.83,95.875,201906,201909
2011-08-10,95.885,95.935,201906,201909
2011-08-11,95.685,95.735,201906,201909
2011-08-12,95.825,95.87,201906,201909
2011-08-15,95.805,95.855,201906,201909
2011-08-16,95.925,95.975,201906,201909
2011-08-17,96.025,96.075,201906,201909
2011-08-18,96.175,96.22,201906,201909
2011-08-19,96.19,96.235,201906,201909
2011-08-22,96.19,96.235,201906,201909
2011-08-23,96.13,96.18,201906,201909
2011-08-24,95.945,95.995,201906,201909
2011-08-25,95.945,95.99,201906,201909
2011-08-26,96.005,96.05,201906,201909
2011-08-29,95.895,95.945,201906,201909
2011-08-30,95.985,96.03,201906,201909
2011-08-31,95.935,95.985,201906,201909
2011-09-01,96.01,96.055,201906,201909
2011-09-02,96.24,96.285,201906,201909
2011-09-06,96.315,96.36,201906,201909
2011-09-07,96.25,96.3,201906,201909
2011-09-08,96.3,96.35,201906,201909
2011-09-09,96.365,96.415,201906,201909
2011-09-12,96.375,96.42,201906,201909
2011-09-13,96.265,96.315,201906,201909
2011-09-14,96.28,96.325,201906,201909
2011-09-15,96.195,96.24,201906,201909
2011-09-16,96.195,96.24,201906,201909
2011-09-19,96.365,96.41,201906,201909
2011-09-20,96.355,96.4,201906,201909
2011-09-21,96.49,96.53,201906,201909
2011-09-22,96.815,96.855,201906,201909
2011-09-23,96.735,96.775,201906,201909
2011-09-26,96.59,96.63,201906,201909
2011-09-27,96.43,96.47,201906,201909
2011-09-28,96.47,96.51,201906,201909
2011-09-29,96.565,96.6,201906,201909
2011-09-30,96.645,96.675,201906,201909
2011-10-03,96.815,96.845,201906,201909
2011-10-04,96.815,96.845,201906,201909
2011-10-05,96.645,96.675,201906,201909
2011-10-06,96.56,96.585,201906,201909
2011-10-07,96.47,96.495,201906,201909
2011-10-10,96.355,96.38,201906,201909
2011-10-11,96.355,96.39,201906,201909
2011-10-12,96.275,96.31,201906,201909
2011-10-13,96.325,96.365,201906,201909
2011-10-14,96.22,96.255,201906,201909
2011-10-18,96.28,96.315,201906,201909
2011-10-20,96.215,96.25,201906,201909
2011-10-21,96.15,96.185,201906,201909
2011-10-24,96.095,96.13,201906,201909
2011-10-25,96.235,96.27,201906,201909
2011-10-26,96.14,96.175,201906,201909
2011-10-27,95.905,95.935,201906,201909
2011-10-28,96.015,96.045,201906,201909
2011-10-31,96.17,96.2,201906,201909
2011-11-01,96.425,96.455,201906,201909
2011-11-02,96.425,96.46,201906,201909
2011-11-03,96.32,96.36,201906,201909
2011-11-04,96.35,96.39,201906,201909
2011-11-07,96.44,96.475,201906,201909
2011-11-08,96.345,96.38,201906,201909
2011-11-09,96.495,96.525,201906,201909
2011-11-10,96.415,96.445,201906,201909
2011-11-11,96.35,96.38,201906,201909
2011-11-14,96.405,96.44,201906,201909
2011-11-15,96.41,96.44,201906,201909
2011-11-16,96.46,96.495,201906,201909
2011-11-17,96.605,96.635,201906,201909
2011-11-18,96.565,96.595,201906,201909
2011-11-21,96.625,96.65,201906,201909
2011-11-22,96.655,96.68,201906,201909
2011-11-23,96.75,96.775,201906,201909
2011-11-25,96.68,96.705,201906,201909
2011-11-28,96.675,96.7,201906,201909
2011-11-29,96.64,96.67,201906,201909
2011-11-30,96.52,96.55,201906,201909
2011-12-01,96.405,96.435,201906,201909
2011-12-02,96.515,96.545,201906,201909
2011-12-05,96.495,96.525,201906,201909
2011-12-06,96.455,96.485,201906,201909
2011-12-07,96.56,96.595,201906,201909
2011-12-08,96.565,96.6,201906,201909
2011-12-09,96.48,96.515,201906,201909
2011-12-12,96.54,96.575,201906,201909
2011-12-13,96.61,96.645,201906,201909
2011-12-14,96.72,96.755,201906,201909
2011-12-15,96.75,96.785,201906,201909
2011-12-16,96.845,96.88,201906,201909
2011-12-19,96.875,96.91,201906,201909
2011-12-20,96.73,96.765,201906,201909
2011-12-21,96.68,96.71,201906,201909
2011-12-22,96.715,96.745,201906,201909
2011-12-23,96.615,96.645,201906,201909
2011-12-27,96.66,96.69,201906,201909
2011-12-28,96.79,96.82,201906,201909
2011-12-29,96.825,96.855,201906,201909
2011-12-30,96.82,96.845,201906,201909
2012-01-03,96.695,96.73,201906,201909
2012-01-04,96.64,96.67,201906,201909
2012-01-05,96.625,96.655,201906,201909
2012-01-06,96.645,96.675,201906,201909
2012-01-09,96.625,96.66,201906,201909
2012-01-10,96.595,96.625,201906,201909
2012-01-11,96.66,96.685,201906,201909
2012-01-12,96.63,96.66,201906,201909
2012-01-13,96.74,96.77,201906,201909
2012-01-17,96.77,96.8,201906,201909
2012-01-18,96.7,96.73,201906,201909
2012-01-19,96.605,96.635,201906,201909
2012-01-20,96.51,96.54,201906,201909
2012-01-23,96.455,96.485,201906,201909
2012-01-24,96.475,96.505,201906,201909
2012-01-25,96.515,96.55,201906,201909
2012-01-26,96.615,96.65,201906,201909
2012-01-27,96.64,96.675,201906,201909
2012-01-30,96.755,96.79,201906,201909
2012-01-31,96.825,96.86,201906,201909
2012-02-01,96.75,96.785,201906,201909
2012-02-02,96.75,96.785,201906,201909
2012-02-03,96.56,96.595,201906,201909
2012-02-06,96.635,96.67,201906,201909
2012-02-07,96.54,96.575,201906,201909
2012-02-08,96.515,96.55,201906,201909
2012-02-09,96.465,96.5,201906,201909
2012-02-10,96.595,96.635,201906,201909
2012-02-13,96.595,96.63,201906,201909
2012-02-14,96.73,96.765,201906,201909
2012-02-15,96.68,96.72,201906,201909
2012-02-16,96.615,96.65,201906,201909
2012-02-17,96.585,96.62,201906,201909
2012-02-21,96.525,96.56,201906,201909
2012-02-22,96.595,96.63,201906,201909
2012-02-23,96.61,96.645,201906,201909
2012-02-24,96.635,96.67,201906,201909
2012-02-27,96.72,96.755,201906,201909
2012-02-28,96.7,96.735,201906,201909
2012-02-29,96.63,96.665,201906,201909
2012-03-01,96.54,96.575,201906,201909
2012-03-02,96.59,96.63,201906,201909
2012-03-05,96.595,96.635,201906,201909
2012-03-06,96.66,96.7,201906,201909
2012-03-07,96.625,96.665,201906,201909
2012-03-08,96.56,96.6,201906,201909
2012-03-09,96.53,96.57,201906,201909
2012-03-13,96.485,96.525,201906,201909
2012-03-14,96.285,96.32,201906,201909
2012-03-15,96.25,96.285,201906,201909
2012-03-16,96.23,96.265,201906,201909
2012-03-19,96.105,96.14,201906,201909
2012-03-20,96.13,96.165,201906,201909
2012-03-21,96.245,96.28,201906,201909
2012-03-22,96.255,96.295,201906,201909
2012-03-23,96.28,96.315,201906,201909
2012-03-26,96.265,96.3,201906,201909
2012-03-27,96.33,96.365,201906,201909
2012-03-28,96.32,96.36,201906,201909
2012-03-29,96.375,96.415,201906,201909
2012-03-30,96.285,96.325,201906,201909
2012-04-02,96.285,96.33,201906,201909
2012-04-03,96.175,96.22,201906,201909
2012-04-04,96.23,96.275,201906,201909
2012-04-05,96.305,96.345,201906,201909
2012-04-09,96.56,96.6,201906,201909
2012-04-10,96.57,96.615,201906,201909
2012-04-11,96.505,96.55,201906,201909
2012-04-12,96.495,96.535,201906,201909
2012-04-13,96.555,96.595,201906,201909
2012-04-16,96.585,96.625,201906,201909
2012-04-17,96.545,96.585,201906,201909
2012-04-18,96.59,96.63,201906,201909
2012-04-19,96.615,96.655,201906,201909
2012-04-20,96.59,96.63,201906,201909
2012-04-23,96.645,96.685,201906,201909
2012-04-24,96.615,96.655,201906,201909
2012-04-25,96.565,96.605,201906,201909
2012-04-26,96.575,96.615,201906,201909
2012-04-27,96.635,96.675,201906,201909
2012-04-30,96.655,96.695,201906,201909
2012-05-01,96.595,96.635,201906,201909
2012-05-02,96.625,96.67,201906,201909
2012-05-03,96.64,96.68,201906,201909
2012-05-04,96.675,96.72,201906,201909
2012-05-07,96.68,96.725,201906,201909
2012-05-08,96.735,96.78,201906,201909
2012-05-09,96.725,96.77,201906,201909
2012-05-10,96.705,96.75,201906,201909
2012-05-11,96.77,96.815,201906,201909
2012-05-14,96.845,96.89,201906,201909
2012-05-15,96.885,96.925,201906,201909
2012-05-16,96.93,96.97,201906,201909
2012-05-17,97.06,97.1,201906,201909
2012-05-18,97.1,97.14,201906,201909
2012-05-21,97.065,97.105,201906,201909
2012-05-22,96.96,97.0,201906,201909
2012-05-23,97.03,97.07,201906,201909
2012-05-24,96.96,97.0,201906,201909
2012-05-25,97.0,97.04,201906,201909
2012-05-29,97.025,97.065,201906,201909
2012-05-30,97.135,97.175,201906,201909
2012-05-31,97.205,97.245,201906,201909
2012-06-01,97.335,97.375,201906,201909
2012-06-04,97.285,97.325,201906,201909
2012-06-05,97.26,97.3,201906,201909
2012-06-06,97.125,97.165,201906,201909
2012-06-07,97.095,97.135,201906,201909
2012-06-08,97.105,97.15,201906,201909
2012-06-11,97.155,97.2,201906,201909
2012-06-12,97.105,97.15,201906,201909
2012-06-13,97.195,97.24,201906,201909
2012-06-14,97.205,97.25,201906,201909
2012-06-15,97.24,97.285,201906,201909
2012-06-18,97.215,97.26,201906,201909
2012-06-19,97.19,97.235,201906,201909
2012-06-20,97.15,97.2,201906,201909
2012-06-21,97.215,97.26,201906,201909
2012-06-22,97.155,97.2,201906,201909
2012-06-25,97.245,97.29,201906,201909
2012-06-26,97.22,97.27,201906,201909
2012-06-27,97.22,97.265,201906,201909
2012-06-28,97.28,97.33,201906,201909
2012-06-29,97.185,97.235,201906,201909
2012-07-02,97.25,97.3,201906,201909
2012-07-03,97.185,97.235,201906,201909
2012-07-05,97.205,97.255,201906,201909
2012-07-06,97.28,97.33,201906,201909
2012-07-09,97.34,97.39,201906,201909
2012-07-10,97.375,97.425,201906,201909
2012-07-11,97.365,97.415,201906,201909
2012-07-12,97.4,97.45,201906,201909
2012-07-13,97.38,97.43,201906,201909
2012-07-16,97.41,97.46,201906,201909
2012-07-17,97.345,97.395,201906,201909
2012-07-18,97.375,97.425,201906,201909
2012-07-19,97.32,97.375,201906,201909
2012-07-20,97.4,97.455,201906,201909
2012-07-23,97.445,97.5,201906,201909
2012-07-24,97.495,97.55,201906,201909
2012-07-25,97.48,97.535,201906,201909
2012-07-26,97.455,97.51,201906,201909
2012-07-27,97.29,97.345,201906,201909
2012-07-30,97.36,97.415,201906,201909
2012-07-31,97.37,97.425,201906,201909
2012-08-01,97.315,97.37,201906,201909
2012-08-02,97.365,97.42,201906,201909
2012-08-03,97.255,97.31,201906,201909
2012-08-06,97.3,97.355,201906,201909
2012-08-07,97.19,97.245,201906,201909
2012-08-08,97.18,97.235,201906,201909
2012-08-09,97.155,97.21,201906,201909
2012-08-10,97.195,97.25,201906,201909
2012-08-13,97.21,97.265,201906,201909
2012-08-14,97.115,97.17,201906,201909
2012-08-15,96.97,97.025,201906,201909
2012-08-16,96.915,96.97,201906,201909
2012-08-17,96.955,97.015,201906,201909
2012-08-20,96.975,97.035,201906,201909
2012-08-21,96.95,97.01,201906,201909
2012-08-22,97.08,97.14,201906,201909
2012-08-23,97.155,97.22,201906,201909
2012-08-24,97.135,97.195,201906,201909
2012-08-27,97.175,97.235,201906,201909
2012-08-28,97.21,97.275,201906,201909
2012-08-29,97.19,97.25,201906,201909
2012-08-30,97.23,97.29,201906,201909
2012-08-31,97.27,97.335,201906,201909
2012-09-04,97.235,97.3,201906,201909
2012-09-05,97.24,97.305,201906,201909
2012-09-06,97.125,97.19,201906,201909
2012-09-07,97.085,97.16,201906,201909
2012-09-10,97.06,97.135,201906,201909
2012-09-11,97.035,97.11,201906,201909
2012-09-12,96.965,97.04,201906,201909
2012-09-13,96.995,97.075,201906,201909
2012-09-14,96.885,96.965,201906,201909
2012-09-17,96.91,96.99,201906,201909
2012-09-18,96.975,97.05,201906,201909
2012-09-19,97.04,97.115,201906,201909
2012-09-20,97.105,97.18,201906,201909
2012-09-21,97.115,97.19,201906,201909
2012-09-24,97.175,97.25,201906,201909
2012-09-25,97.225,97.3,201906,201909
2012-09-26,97.32,97.395,201906,201909
2012-09-27,97.26,97.335,201906,201909
2012-09-28,97.23,97.305,201906,201909
2012-10-01,97.24,97.315,201906,201909
2012-10-02,97.265,97.34,201906,201909
2012-10-03,97.275,97.355,201906,201909
2012-10-04,97.185,97.265,201906,201909
2012-10-05,97.09,97.17,201906,201909
2012-10-08,97.145,97.225,201906,201909
2012-10-09,97.145,97.225,201906,201909
2012-10-10,97.175,97.255,201906,201909
2012-10-11,97.235,97.315,201906,201909
2012-10-12,97.27,97.345,201906,201909
2012-10-15,97.24,97.315,201906,201909
2012-10-16,97.2,97.28,201906,201909
2012-10-17,97.07,97.15,201906,201909
2012-10-18,97.085,97.165,201906,201909
2012-10-19,97.16,97.24,201906,201909
2012-10-22,97.12,97.2,201906,201909
2012-10-23,97.14,97.22,201906,201909
2012-10-24,97.11,97.19,201906,201909
2012-10-25,97.06,97.14,201906,201909
2012-10-26,97.155,97.235,201906,201909
2012-10-29,97.22,97.3,201906,201909
2012-10-30,97.2,97.28,201906,201909
2012-10-31,97.24,97.32,201906,201909
2012-11-01,97.18,97.265,201906,201909
2012-11-02,97.175,97.26,201906,201909
2012-11-05,97.255,97.34,201906,201909
2012-11-06,97.18,97.26,201906,201909
2012-11-07,97.315,97.405,201906,201909
2012-11-08,97.37,97.455,201906,201909
2012-11-09,97.365,97.45,201906,201909
2012-11-12,97.37,97.455,201906,201909
2012-11-13,97.405,97.49,201906,201909
2012-11-14,97.395,97.48,201906,201909
2012-11-15,97.39,97.475,201906,201909
2012-11-16,97.415,97.5,201906,201909
2012-11-19,97.355,97.435,201906,201909
2012-11-20,97.325,97.405,201906,201909
2012-11-21,97.27,97.35,201906,201909
2012-11-23,97.27,97.35,201906,201909
2012-11-26,97.3,97.38,201906,201909
2012-11-27,97.325,97.41,201906,201909
2012-11-28,97.355,97.44,201906,201909
2012-11-29,97.365,97.45,201906,201909
2012-11-30,97.355,97.44,201906,201909
2012-12-03,97.315,97.405,201906,201909
2012-12-04,97.33,97.42,201906,201909
2012-12-05,97.365,97.45,201906,201909
2012-12-06,97.39,97.475,201906,201909
2012-12-07,97.33,97.42,201906,201909
2012-12-10,97.325,97.415,201906,201909
2012-12-11,97.265,97.36,201906,201909
2012-12-12,97.18,97.275,201906,201909
2012-12-13,97.13,97.225,201906,201909
2012-12-14,97.19,97.275,201906,201909
2012-12-17,97.13,97.21,201906,201909
2012-12-18,97.055,97.14,201906,201909
2012-12-19,97.09,97.18,201906,201909
2012-12-20,97.11,97.195,201906,201909
2012-12-21,97.165,97.245,201906,201909
2012-12-24,97.135,97.215,201906,201909
2012-12-26,97.15,97.23,201906,201909
2012-12-27,97.22,97.295,201906,201909
2012-12-28,97.22,97.3,201906,201909
2012-12-31,97.16,97.25,201906,201909
2013-01-02,97.055,97.145,201906,201909
2013-01-03,96.985,97.075,201906,201909
2013-01-04,96.955,97.045,201906,201909
2013-01-07,96.975,97.065,201906,201909
2013-01-08,97.03,97.12,201906,201909
2013-01-09,97.06,97.15,201906,201909
2013-01-10,96.985,97.075,201906,201909
2013-01-11,97.02,97.11,201906,201909
2013-01-14,97.065,97.155,201906,201909
2013-01-15,97.09,97.185,201906,201909
2013-01-16,97.08,97.18,201906,201909
2013-01-17,97.01,97.105,201906,201909
2013-01-18,97.055,97.15,201906,201909
2013-01-22,97.06,97.155,201906,201909
2013-01-23,97.045,97.14,201906,201909
2013-01-24,97.035,97.125,201906,201909
2013-01-25,96.9,96.985,201906,201909
2013-01-28,96.87,96.955,201906,201909
2013-01-29,96.845,96.93,201906,201909
2013-01-30,96.8,96.885,201906,201909
2013-01-31,96.82,96.905,201906,201909
2013-02-01,96.755,96.84,201906,201909
2013-02-04,96.8,96.89,201906,201909
2013-02-05,96.76,96.85,201906,201909
2013-02-06,96.835,96.925,201906,201909
2013-02-07,96.87,96.96,201906,201909
2013-02-08,96.855,96.945,201906,201909
2013-02-11,96.85,96.94,201906,201909
2013-02-12,96.795,96.88,201906,201909
2013-02-13,96.735,96.82,201906,201909
2013-02-14,96.805,96.89,201906,201909
2013-02-15,96.79,96.875,201906,201909
2013-02-19,96.76,96.84,201906,201909
2013-02-20,96.77,96.85,201906,201909
2013-02-21,96.805,96.89,201906,201909
2013-02-22,96.83,96.915,201906,201909
2013-02-25,96.9,96.985,201906,201909
2013-02-26,96.92,97.005,201906,201909
2013-02-27,96.905,96.99,201906,201909
2013-02-28,96.895,96.98,201906,201909
2013-03-01,96.935,97.02,201906,201909
2013-03-04,96.92,97.005,201906,201909
2013-03-05,96.915,97.0,201906,201909
2013-03-06,96.845,96.935,201906,201909
2013-03-07,96.76,96.85,201906,201909
2013-03-08,96.67,96.755,201906,201909
2013-03-11,96.67,96.755,201906,201909
2013-03-12,96.745,96.83,201906,201909
2013-03-13,96.72,96.81,201906,201909
2013-03-14,96.715,96.805,201906,201909
2013-03-15,96.75,96.845,201906,201909
2013-03-18,96.785,96.88,201906,201909
2013-03-19,96.84,96.935,201906,201909
2013-03-20,96.795,96.89,201906,201909
2013-03-21,96.795,96.89,201906,201909
2013-03-22,96.79,96.885,201906,201909
2013-03-25,96.795,96.89,201906,201909
2013-03-26,96.8,96.89,201906,201909
2013-03-27,96.885,96.975,201906,201909
2013-03-28,96.86,96.95,201906,201909
2013-04-01,96.905,96.995,201906,201909
2013-04-02,96.88,96.975,201906,201909
2013-04-03,96.94,97.04,201906,201909
2013-04-04,97.03,97.13,201906,201909
2013-04-05,97.1,97.2,201906,201909
2013-04-08,97.01,97.11,201906,201909
2013-04-09,97.015,97.115,201906,201909
2013-04-10,96.935,97.04,201906,201909
2013-04-11,96.95,97.055,201906,201909
2013-04-12,97.01,97.115,201906,201909
2013-04-15,97.065,97.165,201906,201909
2013-04-16,97.045,97.145,201906,201909
2013-04-17,97.085,97.185,201906,201909
2013-04-18,97.13,97.23,201906,201909
2013-04-19,97.115,97.215,201906,201909
2013-04-22,97.12,97.22,201906,201909
2013-04-23,97.115,97.215,201906,201909
2013-04-24,97.105,97.21,201906,201909
2013-04-25,97.115,97.22,201906,201909
2013-04-26,97.165,97.27,201906,201909
2013-04-29,97.175,97.275,201906,201909
2013-04-30,97.165,97.265,201906,201909
2013-05-01,97.195,97.3,201906,201909
2013-05-02,97.185,97.29,201906,201909
2013-05-03,97.025,97.125,201906,201909
2013-05-06,97.01,97.11,201906,201909
2013-05-07,97.005,97.105,201906,201909
2013-05-08,97.03,97.13,201906,201909
2013-05-09,97.01,97.11,201906,201909
2013-05-10,96.89,96.99,201906,201909
2013-05-13,96.86,96.96,201906,201909
2013-05-14,96.8,96.9,201906,201909
2013-05-15,96.815,96.92,201906,201909
2013-05-16,96.945,97.05,201906,201909
2013-05-17,96.84,96.945,201906,201909
2013-05-20,96.82,96.925,201906,201909
2013-05-21,96.84,96.945,201906,201909
2013-05-22,96.705,96.81,201906,201909
2013-05-23,96.72,96.825,201906,201909
2013-05-24,96.73,96.83,201906,201909
2013-05-28,96.58,96.68,201906,201909
2013-05-29,96.6,96.695,201906,201909
2013-05-30,96.575,96.67,201906,201909
2013-05-31,96.51,96.605,201906,201909
2013-06-03,96.52,96.62,201906,201909
2013-06-04,96.495,96.59,201906,201909
2013-06-05,96.54,96.635,201906,201909
2013-06-06,96.6,96.695,201906,201909
2013-06-07,96.485,96.58,201906,201909
2013-06-10,96.405,96.5,201906,201909
2013-06-11,96.455,96.55,201906,201909
2013-06-12,96.4,96.495,201906,201909
2013-06-13,96.495,96.59,201906,201909
2013-06-14,96.51,96.61,201906,201909
2013-06-17,96.45,96.545,201906,201909
2013-06-18,96.425,96.52,201906,201909
2013-06-19,96.15,96.235,201906,201909
2013-06-20,96.01,96.09,201906,201909
2013-06-21,95.945,96.025,201906,201909
2013-06-24,95.9,95.975,201906,201909
2013-06-25,95.865,95.94,201906,201909
2013-06-26,95.89,95.975,201906,201909
2013-06-27,95.965,96.05,201906,201909
2013-06-28,95.96,96.045,201906,201909
2013-07-01,95.925,96.005,201906,201909
2013-07-02,95.925,96.005,201906,201909
2013-07-03,95.875,95.955,201906,201909
2013-07-05,95.545,95.615,201906,201909
2013-07-08,95.645,95.72,201906,201909
2013-07-09,95.68,95.76,201906,201909
2013-07-10,95.61,95.695,201906,201909
2013-07-11,95.75,95.84,201906,201909
2013-07-12,95.7,95.79,201906,201909
2013-07-15,95.78,95.87,201906,201909
2013-07-16,95.8,95.89,201906,201909
2013-07-17,95.88,95.975,201906,201909
2013-07-18,95.815,95.91,201906,201909
2013-07-19,95.855,95.95,201906,201909
2013-07-22,95.87,95.965,201906,201909
2013-07-23,95.855,95.95,201906,201909
2013-07-24,95.75,95.845,201906,201909
2013-07-25,95.715,95.805,201906,201909
2013-07-26,95.785,95.875,201906,201909
2013-07-29,95.765,95.855,201906,201909
2013-07-30,95.745,95.835,201906,201909
2013-07-31,95.74,95.825,201906,201909
2013-08-01,95.57,95.655,201906,201909
2013-08-02,95.755,95.845,201906,201909
2013-08-05,95.735,95.83,201906,201909
2013-08-06,95.72,95.815,201906,201909
2013-08-07,95.775,95.87,201906,201909
2013-08-08,95.81,95.905,201906,201909
2013-08-09,95.835,95.93,201906,201909
2013-08-12,95.81,95.91,201906,201909
2013-08-13,95.625,95.72,201906,201909
2013-08-14,95.635,95.73,201906,201909
2013-08-15,95.57,95.66,201906,201909
2013-08-16,95.46,95.555,201906,201909
2013-08-19,95.38,95.475,201906,201909
2013-08-20,95.44,95.54,201906,201909
2013-08-21,95.37,95.465,201906,201909
2013-08-22,95.34,95.43,201906,201909
2013-08-23,95.48,95.57,201906,201909
2013-08-26,95.52,95.615,201906,201909
2013-08-27,95.635,95.73,201906,201909
2013-08-28,95.565,95.66,201906,201909
2013-08-29,95.59,95.685,201906,201909
2013-08-30,95.575,95.665,201906,201909
2013-09-03,95.47,95.56,201906,201909
2013-09-04,95.415,95.495,201906,201909
2013-09-05,95.335,95.415,201906,201909
2013-09-06,95.365,95.45,201906,201909
2013-09-09,95.41,95.505,201906,201909
2013-09-10,95.345,95.435,201906,201909
2013-09-11,95.42,95.51,201906,201909
2013-09-12,95.42,95.51,201906,201909
2013-09-13,95.45,95.54,201906,201909
2013-09-16,95.455,95.555,201906,201909
2013-09-17,95.475,95.565,201906,201909
2013-09-18,95.605,95.715,201906,201909
2013-09-19,95.56,95.66,201906,201909
2013-09-20,95.595,95.695,201906,201909
2013-09-23,95.635,95.735,201906,201909
2013-09-24,95.75,95.855,201906,201909
2013-09-25,95.825,95.93,201906,201909
2013-09-26,95.785,95.89,201906,201909
2013-09-27,95.81,95.92,201906,201909
2013-09-30,95.82,95.925,201906,201909
2013-10-01,95.77,95.875,201906,201909
2013-10-02,95.8,95.905,201906,201909
2013-10-03,95.82,95.93,201906,201909
2013-10-04,95.78,95.885,201906,201909
2013-10-07,95.81,95.915,201906,201909
2013-10-08,95.85,95.955,201906,201909
2013-10-09,95.815,95.92,201906,201909
2013-10-10,95.79,95.895,201906,201909
2013-10-11,95.785,95.895,201906,201909
2013-10-14,95.74,95.85,201906,201909
2013-10-15,95.72,95.825,201906,201909
2013-10-16,95.79,95.895,201906,201909
2013-10-17,95.895,96.005,201906,201909
2013-10-18,95.885,95.995,201906,201909
2013-10-21,95.865,95.975,201906,201909
2013-10-22,96.02,96.13,201906,201909
2013-10-23,96.07,96.18,201906,201909
2013-10-24,96.025,96.13,201906,201909
2013-10-25,96.045,96.155,201906,201909
2013-10-28,96.05,96.165,201906,201909
2013-10-29,96.05,96.165,201906,201909
2013-10-30,96.005,96.12,201906,201909
2013-10-31,96.0,96.115,201906,201909
2013-11-01,95.89,96.0,201906,201909
2013-11-04,95.905,96.015,201906,201909
2013-11-05,95.79,95.905,201906,201909
2013-11-06,95.83,95.95,201906,201909
2013-11-07,95.88,96.0,201906,201909
2013-11-08,95.71,95.825,201906,201909
2013-11-11,95.69,95.805,201906,201909
2013-11-12,95.69,95.805,201906,201909
2013-11-13,95.75,95.87,201906,201909
2013-11-14,95.81,95.935,201906,201909
2013-11-15,95.825,95.945,201906,201909
2013-11-18,95.875,95.995,201906,201909
2013-11-19,95.85,95.97,201906,201909
2013-11-20,95.775,95.91,201906,201909
2013-11-21,95.72,95.85,201906,201909
2013-11-22,95.76,95.89,201906,201909
2013-11-25,95.77,95.9,201906,201909
2013-11-26,95.82,95.95,201906,201909
2013-11-27,95.755,95.88,201906,201909
2013-11-29,95.73,95.855,201906,201909
2013-12-02,95.655,95.78,201906,201909
2013-12-03,95.685,95.81,201906,201909
2013-12-04,95.625,95.75,201906,201909
2013-12-05,95.6,95.725,201906,201909
2013-12-06,95.605,95.725,201906,201909
2013-12-09,95.65,95.77,201906,201909
2013-12-10,95.72,95.84,201906,201909
2013-12-11,95.665,95.785,201906,201909
2013-12-12,95.655,95.77,201906,201909
2013-12-13,95.68,95.795,201906,201909
2013-12-16,95.665,95.78,201906,201909
2013-12-17,95.725,95.84,201906,201909
2013-12-18,95.655,95.77,201906,201909
2013-12-19,95.61,95.715,201906,201909
2013-12-20,95.635,95.735,201906,201909
2013-12-23,95.62,95.72,201906,201909
2013-12-24,95.57,95.67,201906,201909
2013-12-26,95.565,95.665,201906,201909
2013-12-27,95.555,95.66,201906,201909
2013-12-30,95.585,95.69,201906,201909
2013-12-31,95.535,95.64,201906,201909
2014-01-02,95.555,95.665,201906,201909
2014-01-03,95.545,95.65,201906,201909
2014-01-06,95.605,95.715,201906,201909
2014-01-07,95.64,95.75,201906,201909
2014-01-08,95.59,95.695,201906,201909
2014-01-09,95.615,95.715,201906,201909
2014-01-10,95.765,95.87,201906,201909
2014-01-13,95.805,95.915,201906,201909
2014-01-14,95.745,95.85,201906,201909
2014-01-15,95.71,95.815,201906,201909
2014-01-16,95.775,95.88,201906,201909
2014-01-17,95.775,95.88,201906,201909
2014-01-21,95.8,95.905,201906,201909
2014-01-22,95.745,95.85,201906,201909
2014-01-23,95.83,95.935,201906,201909
2014-01-24,95.86,95.965,201906,201909
2014-01-27,95.835,95.94,201906,201909
2014-01-28,95.85,95.955,201906,201909
2014-01-29,95.945,96.055,201906,201909
2014-01-30,95.925,96.035,201906,201909
2014-01-31,95.95,96.06,201906,201909
2014-02-03,96.06,96.17,201906,201909
2014-02-04,96.01,96.12,201906,201909
2014-02-05,95.945,96.06,201906,201909
2014-02-06,95.89,96.0,201906,201909
2014-02-07,95.94,96.055,201906,201909
2014-02-10,95.94,96.055,201906,201909
2014-02-11,95.88,95.995,201906,201909
2014-02-12,95.82,95.935,201906,201909
2014-02-13,95.91,96.025,201906,201909
2014-02-14,95.885,96.0,201906,201909
2014-02-18,95.92,96.035,201906,201909
2014-02-19,95.89,96.005,201906,201909
2014-02-20,95.885,96.0,201906,201909
2014-02-21,95.925,96.035,201906,201909
2014-02-24,95.925,96.035,201906,201909
2014-02-25,95.975,96.085,201906,201909
2014-02-26,96.03,96.14,201906,201909
2014-02-28,96.03,96.135,201906,201909
2014-03-03,96.09,96.2,201906,201909
2014-03-04,95.985,96.095,201906,201909
2014-03-05,96.0,96.11,201906,201909
2014-03-06,95.94,96.05,201906,201909
2014-03-07,95.87,95.98,201906,201909
2014-03-10,95.895,96.005,201906,201909
2014-03-11,95.93,96.04,201906,201909
2014-03-12,95.985,96.1,201906,201909
2014-03-13,96.08,96.195,201906,201909
2014-03-14,96.08,96.19,201906,201909
2014-03-17,96.02,96.13,201906,201909
2014-03-18,96.03,96.14,201906,201909
2014-03-19,95.92,96.02,201906,201909
2014-03-20,95.94,96.04,201906,201909
2014-03-21,95.98,96.08,201906,201909
2014-03-24,96.005,96.1,201906,201909
2014-03-25,95.995,96.09,201906,201909
2014-03-26,96.035,96.13,201906,201909
2014-03-27,96.075,96.165,201906,201909
2014-03-28,96.025,96.115,201906,201909
2014-03-31,95.985,96.075,201906,201909
2014-04-01,95.945,96.04,201906,201909
2014-04-02,95.885,95.975,201906,201909
2014-04-03,95.92,96.01,201906,201909
2014-04-04,96.015,96.105,201906,201909
2014-04-07,96.045,96.14,201906,201909
2014-04-08,96.08,96.175,201906,201909
2014-04-09,96.075,96.175,201906,201909
2014-04-10,96.12,96.225,201906,201909
2014-04-11,96.145,96.25,201906,201909
2014-04-14,96.135,96.235,201906,201909
2014-04-15,96.14,96.235,201906,201909
2014-04-16,96.125,96.215,201906,201909
2014-04-17,96.035,96.12,201906,201909
2014-04-21,96.025,96.115,201906,201909
2014-04-22,96.025,96.11,201906,201909
2014-04-23,96.08,96.165,201906,201909
2014-04-24,96.08,96.165,201906,201909
2014-04-25,96.115,96.195,201906,201909
2014-04-28,96.105,96.185,201906,201909
2014-04-29,96.085,96.165,201906,201909
2014-04-30,96.15,96.235,201906,201909
2014-05-01,96.21,96.3,201906,201909
2014-05-02,96.255,96.34,201906,201909
2014-05-05,96.23,96.315,201906,201909
2014-05-06,96.265,96.35,201906,201909
2014-05-07,96.275,96.365,201906,201909
2014-05-08,96.29,96.38,201906,201909
2014-05-09,96.27,96.36,201906,201909
2014-05-12,96.22,96.31,201906,201909
2014-05-13,96.27,96.36,201906,201909
2014-05-14,96.37,96.46,201906,201909
2014-05-15,96.405,96.5,201906,201909
2014-05-16,96.4,96.49,201906,201909
2014-05-19,96.375,96.47,201906,201909
2014-05-20,96.41,96.505,201906,201909
2014-05-21,96.375,96.47,201906,201909
2014-05-22,96.345,96.44,201906,201909
2014-05-23,96.385,96.48,201906,201909
2014-05-27,96.395,96.49,201906,201909
2014-05-28,96.485,96.58,201906,201909
2014-05-29,96.49,96.585,201906,201909
2014-05-30,96.465,96.56,201906,201909
2014-06-02,96.365,96.455,201906,201909
2014-06-03,96.28,96.37,201906,201909
2014-06-04,96.255,96.345,201906,201909
2014-06-05,96.275,96.37,201906,201909
2014-06-06,96.27,96.365,201906,201909
2014-06-09,96.25,96.34,201906,201909
2014-06-10,96.24,96.33,201906,201909
2014-06-11,96.26,96.35,201906,201909
2014-06-12,96.335,96.425,201906,201909
2014-06-13,96.32,96.405,201906,201909
2014-06-16,96.335,96.42,201906,201909
2014-06-17,96.295,96.38,201906,201909
2014-06-18,96.375,96.46,201906,201909
2014-06-19,96.375,96.465,201906,201909
2014-06-20,96.37,96.455,201906,201909
2014-06-23,96.395,96.475,201906,201909
2014-06-24,96.445,96.53,201906,201909
2014-06-25,96.465,96.55,201906,201909
2014-06-26,96.5,96.585,201906,201909
2014-06-27,96.5,96.59,201906,201909
2014-06-30,96.52,96.61,201906,201909
2014-07-01,96.475,96.565,201906,201909
2014-07-02,96.39,96.48,201906,201909
2014-07-03,96.39,96.475,201906,201909
2014-07-07,96.44,96.52,201906,201909
2014-07-08,96.515,96.595,201906,201909
2014-07-09,96.545,96.625,201906,201909
2014-07-10,96.54,96.62,201906,201909
2014-07-11,96.55,96.63,201906,201909
2014-07-14,96.52,96.6,201906,201909
2014-07-15,96.54,96.62,201906,201909
2014-07-16,96.55,96.625,201906,201909
2014-07-17,96.635,96.705,201906,201909
2014-07-18,96.63,96.7,201906,201909
2014-07-21,96.645,96.71,201906,201909
2014-07-22,96.655,96.72,201906,201909
2014-07-23,96.655,96.725,201906,201909
2014-07-24,96.605,96.67,201906,201909
2014-07-25,96.65,96.715,201906,201909
2014-07-28,96.63,96.69,201906,201909
2014-07-29,96.66,96.72,201906,201909
2014-07-30,96.555,96.615,201906,201909
2014-07-31,96.53,96.595,201906,201909
2014-08-01,96.585,96.655,201906,201909
2014-08-04,96.595,96.665,201906,201909
2014-08-05,96.6,96.67,201906,201909
2014-08-06,96.615,96.685,201906,201909
2014-08-07,96.685,96.755,201906,201909
2014-08-08,96.685,96.755,201906,201909
2014-08-11,96.675,96.745,201906,201909
2014-08-12,96.655,96.725,201906,201909
2014-08-13,96.7,96.775,201906,201909
2014-08-14,96.725,96.795,201906,201909
2014-08-15,96.775,96.845,201906,201909
2014-08-18,96.725,96.8,201906,201909
2014-08-19,96.7,96.775,201906,201909
2014-08-20,96.67,96.74,201906,201909
2014-08-21,96.695,96.76,201906,201909
2014-08-22,96.73,96.785,201906,201909
2014-08-25,96.75,96.805,201906,201909
2014-08-26,96.77,96.825,201906,201909
2014-08-27,96.795,96.855,201906,201909
2014-08-28,96.825,96.88,201906,201909
2014-08-29,96.815,96.87,201906,201909
2014-09-02,96.75,96.81,201906,201909
2014-09-03,96.755,96.815,201906,201909
2014-09-04,96.72,96.78,201906,201909
2014-09-05,96.695,96.76,201906,201909
2014-09-08,96.665,96.73,201906,201909
2014-09-09,96.625,96.685,201906,201909
2014-09-10,96.585,96.645,201906,201909
2014-09-11,96.585,96.645,201906,201909
2014-09-12,96.48,96.545,201906,201909
2014-09-15,96.49,96.56,201906,201909
2014-09-16,96.495,96.565,201906,201909
2014-09-17,96.505,96.565,201906,201909
2014-09-18,96.445,96.505,201906,201909
2014-09-19,96.5,96.56,201906,201909
2014-09-22,96.56,96.62,201906,201909
2014-09-23,96.605,96.665,201906,201909
2014-09-24,96.54,96.6,201906,201909
2014-09-25,96.61,96.67,201906,201909
2014-09-26,96.605,96.66,201906,201909
2014-09-29,96.655,96.71,201906,201909
2014-09-30,96.63,96.685,201906,201909
2014-10-01,96.75,96.805,201906,201909
2014-10-02,96.735,96.79,201906,201909
2014-10-03,96.72,96.775,201906,201909
2014-10-06,96.745,96.805,201906,201909
2014-10-07,96.815,96.875,201906,201909
2014-10-08,96.86,96.925,201906,201909
2014-10-09,96.88,96.945,201906,201909
2014-10-10,96.915,96.98,201906,201909
2014-10-13,97.01,97.075,201906,201909
2014-10-14,97.015,97.08,201906,201909
2014-10-15,97.16,97.235,201906,201909
2014-10-16,97.06,97.135,201906,201909
2014-10-17,97.015,97.09,201906,201909
2014-10-20,97.045,97.12,201906,201909
2014-10-21,97.025,97.1,201906,201909
2014-10-22,96.99,97.065,201906,201909
2014-10-23,96.925,97.0,201906,201909
2014-10-24,96.91,96.985,201906,201909
2014-10-27,96.93,97.005,201906,201909
2014-10-28,96.9,96.975,201906,201909
2014-10-29,96.86,96.92,201906,201909
2014-10-30,96.9,96.965,201906,201909
2014-10-31,96.875,96.94,201906,201909
2014-11-03,96.875,96.94,201906,201909
2014-11-04,96.885,96.945,201906,201909
2014-11-05,96.875,96.94,201906,201909
2014-11-06,96.85,96.915,201906,201909
2014-11-07,96.93,96.995,201906,201909
2014-11-10,96.885,96.95,201906,201909
2014-11-11,96.875,96.94,201906,201909
2014-11-12,96.91,96.975,201906,201909
2014-11-13,96.93,96.995,201906,201909
2014-11-14,96.955,97.02,201906,201909
2014-11-17,96.925,96.985,201906,201909
2014-11-18,96.95,97.01,201906,201909
2014-11-19,96.91,96.975,201906,201909
2014-11-20,96.915,96.98,201906,201909
2014-11-21,96.94,97.0,201906,201909
2014-11-24,96.95,97.015,201906,201909
2014-11-25,97.02,97.085,201906,201909
2014-11-26,97.05,97.115,201906,201909
2014-11-28,97.105,97.17,201906,201909
2014-12-01,97.085,97.15,201906,201909
2014-12-02,97.005,97.07,201906,201909
2014-12-03,97.015,97.075,201906,201909
2014-12-04,97.045,97.105,201906,201909
2014-12-05,97.025,97.075,201906,201909
2014-12-08,97.08,97.125,201906,201909
2014-12-09,97.12,97.165,201906,201909
2014-12-10,97.195,97.245,201906,201909
2014-12-11,97.19,97.235,201906,201909
2014-12-12,97.26,97.305,201906,201909
2014-12-15,97.235,97.275,201906,201909
2014-12-16,97.28,97.32,201906,201909
2014-12-17,97.23,97.27,201906,201909
2014-12-18,97.125,97.17,201906,201909
2014-12-19,97.155,97.195,201906,201909
2014-12-22,97.18,97.22,201906,201909
2014-12-23,97.08,97.12,201906,201909
2014-12-24,97.065,97.11,201906,201909
2014-12-26,97.08,97.125,201906,201909
2014-12-29,97.14,97.185,201906,201909
2014-12-30,97.175,97.215,201906,201909
2014-12-31,97.205,97.245,201906,201909
2015-01-02,97.265,97.305,201906,201909
2015-01-05,97.38,97.415,201906,201909
2015-01-06,97.49,97.53,201906,201909
2015-01-07,97.49,97.53,201906,201909
2015-01-08,97.415,97.46,201906,201909
2015-01-09,97.475,97.52,201906,201909
2015-01-12,97.55,97.595,201906,201909
2015-01-13,97.575,97.625,201906,201909
2015-01-14,97.635,97.685,201906,201909
2015-01-15,97.72,97.775,201906,201909
2015-01-16,97.665,97.715,201906,201909
2015-01-20,97.665,97.715,201906,201909
2015-01-21,97.59,97.64,201906,201909
2015-01-22,97.53,97.58,201906,201909
2015-01-23,97.61,97.66,201906,201909
2015-01-26,97.6,97.645,201906,201909
2015-01-27,97.6,97.65,201906,201909
2015-01-28,97.735,97.785,201906,201909
2015-01-29,97.71,97.76,201906,201909
2015-01-30,97.805,97.855,201906,201909
2015-02-02,97.825,97.875,201906,201909
2015-02-03,97.675,97.73,201906,201909
2015-02-04,97.655,97.71,201906,201909
2015-02-05,97.645,97.7,201906,201909
2015-02-06,97.505,97.545,201906,201909
2015-02-09,97.49,97.53,201906,201909
2015-02-10,97.445,97.485,201906,201909
2015-02-11,97.455,97.495,201906,201909
2015-02-12,97.46,97.5,201906,201909
2015-02-13,97.425,97.47,201906,201909
2015-02-17,97.265,97.31,201906,201909
2015-02-18,97.36,97.41,201906,201909
2015-02-19,97.295,97.345,201906,201909
2015-02-20,97.265,97.315,201906,201909
2015-02-23,97.36,97.405,201906,201909
2015-02-24,97.45,97.5,201906,201909
2015-02-25,97.475,97.52,201906,201909
2015-02-26,97.42,97.465,201906,201909
2015-02-27,97.445,97.49,201906,201909
2015-03-02,97.345,97.39,201906,201909
2015-03-03,97.295,97.34,201906,201909
2015-03-04,97.3,97.345,201906,201909
2015-03-05,97.305,97.355,201906,201909
2015-03-06,97.16,97.21,201906,201909
2015-03-09,97.215,97.265,201906,201909
2015-03-10,97.31,97.355,201906,201909
2015-03-11,97.325,97.365,201906,201909
2015-03-12,97.345,97.39,201906,201909
2015-03-13,97.31,97.355,201906,201909
2015-03-16,97.34,97.385,201906,201909
2015-03-17,97.41,97.45,201906,201909
2015-03-18,97.55,97.6,201906,201909
2015-03-19,97.52,97.565,201906,201909
2015-03-20,97.57,97.62,201906,201909
2015-03-23,97.595,97.645,201906,201909
2015-03-24,97.645,97.695,201906,201909
2015-03-25,97.6,97.65,201906,201909
2015-03-26,97.49,97.545,201906,201909
2015-03-27,97.56,97.615,201906,201909
2015-03-30,97.545,97.6,201906,201909
2015-03-31,97.575,97.635,201906,201909
2015-04-01,97.65,97.705,201906,201909
2015-04-02,97.615,97.67,201906,201909
2015-04-06,97.615,97.68,201906,201909
2015-04-07,97.63,97.69,201906,201909
2015-04-08,97.635,97.69,201906,201909
2015-04-09,97.56,97.615,201906,201909
2015-04-10,97.565,97.62,201906,201909
2015-04-13,97.59,97.645,201906,201909
2015-04-14,97.64,97.695,201906,201909
2015-04-15,97.65,97.71,201906,201909
2015-04-16,97.69,97.75,201906,201909
2015-04-17,97.71,97.765,201906,201909
2015-04-20,97.67,97.725,201906,201909
2015-04-21,97.65,97.705,201906,201909
2015-04-22,97.585,97.64,201906,201909
2015-04-23,97.625,97.685,201906,201909
2015-04-24,97.64,97.7,201906,201909
2015-04-27,97.635,97.695,201906,201909
2015-04-28,97.575,97.635,201906,201909
2015-04-29,97.51,97.58,201906,201909
2015-04-30,97.49,97.555,201906,201909
2015-05-01,97.4,97.465,201906,201909
2015-05-04,97.385,97.45,201906,201909
2015-05-05,97.34,97.405,201906,201909
2015-05-06,97.285,97.355,201906,201909
2015-05-07,97.35,97.415,201906,201909
2015-05-08,97.4,97.47,201906,201909
2015-05-11,97.245,97.315,201906,201909
2015-05-12,97.26,97.33,201906,201909
2015-05-13,97.255,97.33,201906,201909
2015-05-14,97.315,97.39,201906,201909
2015-05-15,97.41,97.485,201906,201909
2015-05-18,97.32,97.395,201906,201909
2015-05-19,97.275,97.35,201906,201909
2015-05-20,97.315,97.39,201906,201909
2015-05-21,97.375,97.45,201906,201909
2015-05-22,97.31,97.38,201906,201909
2015-05-26,97.415,97.48,201906,201909
2015-05-27,97.42,97.485,201906,201909
2015-05-28,97.43,97.5,201906,201909
2015-05-29,97.465,97.535,201906,201909
2015-06-01,97.35,97.425,201906,201909
2015-06-02,97.26,97.335,201906,201909
2015-06-03,97.135,97.215,201906,201909
2015-06-04,97.21,97.29,201906,201909
2015-06-05,97.095,97.17,201906,201909
2015-06-08,97.13,97.21,201906,201909
2015-06-09,97.1,97.18,201906,201909
2015-06-10,97.015,97.1,201906,201909
2015-06-11,97.13,97.21,201906,201909
2015-06-12,97.125,97.205,201906,201909
2015-06-15,97.16,97.24,201906,201909
2015-06-16,97.205,97.285,201906,201909
2015-06-17,97.225,97.31,201906,201909
2015-06-18,97.185,97.27,201906,201909
2015-06-19,97.29,97.375,201906,201909
2015-06-22,97.175,97.26,201906,201909
2015-06-23,97.115,97.205,201906,201909
2015-06-24,97.15,97.24,201906,201909
2015-06-25,97.12,97.21,201906,201909
2015-06-26,97.035,97.13,201906,201909
2015-06-29,97.2,97.29,201906,201909
2015-06-30,97.2,97.29,201906,201909
2015-07-01,97.115,97.205,201906,201909
2015-07-02,97.155,97.25,201906,201909
2015-07-06,97.285,97.375,201906,201909
2015-07-07,97.325,97.415,201906,201909
2015-07-08,97.37,97.46,201906,201909
2015-07-09,97.27,97.365,201906,201909
2015-07-10,97.15,97.245,201906,201909
2015-07-13,97.125,97.22,201906,201909
2015-07-14,97.175,97.27,201906,201909
2015-07-15,97.235,97.33,201906,201909
2015-07-16,97.235,97.325,201906,201909
2015-07-17,97.215,97.305,201906,201909
2015-07-20,97.185,97.27,201906,201909
2015-07-21,97.225,97.315,201906,201909
2015-07-22,97.25,97.335,201906,201909
2015-07-23,97.3,97.38,201906,201909
2015-07-24,97.31,97.39,201906,201909
2015-07-27,97.37,97.455,201906,201909
2015-07-28,97.355,97.44,201906,201909
2015-07-29,97.33,97.415,201906,201909
2015-07-30,97.345,97.425,201906,201909
2015-07-31,97.415,97.495,201906,201909
2015-08-03,97.48,97.56,201906,201909
2015-08-04,97.41,97.48,201906,201909
2015-08-05,97.335,97.41,201906,201909
2015-08-06,97.37,97.44,201906,201909
2015-08-07,97.445,97.515,201906,201909
2015-08-10,97.39,97.46,201906,201909
2015-08-11,97.5,97.57,201906,201909
2015-08-12,97.52,97.595,201906,201909
2015-08-13,97.45,97.525,201906,201909
2015-08-14,97.435,97.51,201906,201909
2015-08-17,97.5,97.57,201906,201909
2015-08-18,97.46,97.535,201906,201909
2015-08-19,97.55,97.625,201906,201909
2015-08-20,97.585,97.66,201906,201909
2015-08-21,97.635,97.715,201906,201909
2015-08-24,97.72,97.8,201906,201909
2015-08-25,97.565,97.65,201906,201909
2015-08-26,97.56,97.65,201906,201909
2015-08-27,97.545,97.635,201906,201909
2015-08-28,97.525,97.61,201906,201909
2015-08-31,97.515,97.6,201906,201909
2015-09-01,97.57,97.655,201906,201909
2015-09-02,97.54,97.625,201906,201909
2015-09-03,97.565,97.655,201906,201909
2015-09-04,97.635,97.72,201906,201909
2015-09-08,97.585,97.675,201906,201909
2015-09-09,97.625,97.71,201906,201909
2015-09-10,97.59,97.68,201906,201909
2015-09-11,97.615,97.705,201906,201909
2015-09-14,97.625,97.715,201906,201909
2015-09-15,97.525,97.62,201906,201909
2015-09-16,97.505,97.6,201906,201909
2015-09-17,97.6,97.7,201906,201909
2015-09-18,97.685,97.78,201906,201909
2015-09-21,97.615,97.71,201906,201909
2015-09-22,97.725,97.82,201906,201909
2015-09-23,97.715,97.81,201906,201909
2015-09-24,97.74,97.83,201906,201909
2015-09-25,97.715,97.81,201906,201909
2015-09-28,97.82,97.91,201906,201909
2015-09-29,97.88,97.97,201906,201909
2015-09-30,97.87,97.96,201906,201909
2015-10-01,97.855,97.945,201906,201909
2015-10-02,97.93,98.025,201906,201909
2015-10-05,97.855,97.95,201906,201909
2015-10-06,97.865,97.96,201906,201909
2015-10-07,97.835,97.93,201906,201909
2015-10-08,97.785,97.88,201906,201909
2015-10-09,97.795,97.885,201906,201909
2015-10-12,97.84,97.93,201906,201909
2015-10-13,97.865,97.955,201906,201909
2015-10-14,97.99,98.085,201906,201909
2015-10-15,97.935,98.025,201906,201909
2015-10-16,97.91,98.0,201906,201909
2015-10-19,97.9,97.99,201906,201909
2015-10-20,97.855,97.945,201906,201909
2015-10-21,97.895,97.985,201906,201909
2015-10-22,97.905,97.995,201906,201909
2015-10-23,97.845,97.94,201906,201909
2015-10-26,97.885,97.975,201906,201909
2015-10-27,97.935,98.025,201906,201909
2015-10-28,97.84,97.925,201906,201909
2015-10-29,97.765,97.85,201906,201909
2015-10-30,97.795,97.875,201906,201909
2015-11-02,97.765,97.845,201906,201909
2015-11-03,97.75,97.83,201906,201909
2015-11-04,97.745,97.82,201906,201909
2015-11-05,97.755,97.83,201906,201909
2015-11-06,97.595,97.67,201906,201909
2015-11-09,97.595,97.665,201906,201909
2015-11-10,97.635,97.705,201906,201909
2015-11-11,97.585,97.66,201906,201909
2015-11-12,97.63,97.7,201906,201909
2015-11-13,97.7,97.77,201906,201909
2015-11-16,97.71,97.78,201906,201909
2015-11-17,97.725,97.795,201906,201909
2015-11-18,97.725,97.79,201906,201909
2015-11-19,97.785,97.85,201906,201909
2015-11-20,97.785,97.85,201906,201909
2015-11-23,97.785,97.845,201906,201909
2015-11-24,97.775,97.835,201906,201909
2015-11-25,97.795,97.86,201906,201909
2015-11-27,97.81,97.875,201906,201909
2015-11-30,97.84,97.9,201906,201909
2015-12-01,97.895,97.96,201906,201909
2015-12-02,97.845,97.905,201906,201909
2015-12-03,97.68,97.75,201906,201909
2015-12-04,97.74,97.805,201906,201909
2015-12-07,97.79,97.855,201906,201909
2015-12-08,97.785,97.845,201906,201909
2015-12-09,97.825,97.89,201906,201909
2015-12-10,97.755,97.82,201906,201909
2015-12-11,97.85,97.92,201906,201909
2015-12-14,97.805,97.875,201906,201909
2015-12-15,97.745,97.815,201906,201909
2015-12-16,97.695,97.765,201906,201909
2015-12-17,97.73,97.79,201906,201909
2015-12-18,97.755,97.82,201906,201909
2015-12-21,97.765,97.83,201906,201909
2015-12-22,97.72,97.785,201906,201909
2015-12-23,97.71,97.775,201906,201909
2015-12-24,97.735,97.795,201906,201909
2015-12-28,97.745,97.805,201906,201909
2015-12-29,97.66,97.72,201906,201909
2015-12-30,97.67,97.73,201906,201909
2015-12-31,97.71,97.77,201906,201909
2016-01-04,97.745,97.805,201906,201909
2016-01-05,97.775,97.835,201906,201909
2016-01-06,97.875,97.935,201906,201909
2016-01-07,97.92,97.985,201906,201909
2016-01-08,97.985,98.05,201906,201909
2016-01-11,97.995,98.065,201906,201909
2016-01-12,98.055,98.12,201906,201909
2016-01-13,98.085,98.15,201906,201909
2016-01-14,98.08,98.145,201906,201909
2016-01-15,98.15,98.22,201906,201909
2016-01-19,98.135,98.205,201906,201909
2016-01-20,98.19,98.265,201906,201909
2016-01-21,98.15,98.225,201906,201909
2016-01-22,98.105,98.18,201906,201909
2016-01-25,98.115,98.185,201906,201909
2016-01-26,98.155,98.225,201906,201909
2016-01-27,98.145,98.215,201906,201909
2016-01-28,98.175,98.245,201906,201909
2016-01-29,98.245,98.32,201906,201909
2016-02-01,98.19,98.265,201906,201909
2016-02-02,98.315,98.39,201906,201909
2016-02-03,98.34,98.42,201906,201909
2016-02-04,98.34,98.42,201906,201909
2016-02-05,98.345,98.425,201906,201909
2016-02-08,98.445,98.525,201906,201909
2016-02-09,98.48,98.555,201906,201909
2016-02-10,98.535,98.61,201906,201909
2016-02-11,98.625,98.7,201906,201909
2016-02-12,98.485,98.565,201906,201909
2016-02-16,98.485,98.56,201906,201909
2016-02-17,98.43,98.51,201906,201909
2016-02-18,98.5,98.575,201906,201909
2016-02-19,98.505,98.575,201906,201909
2016-02-22,98.5,98.57,201906,201909
2016-02-23,98.52,98.59,201906,201909
2016-02-24,98.53,98.6,201906,201909
2016-02-25,98.61,98.675,201906,201909
2016-02-26,98.53,98.595,201906,201909
2016-02-29,98.535,98.6,201906,201909
2016-03-01,98.44,98.505,201906,201909
2016-03-02,98.4,98.465,201906,201909
2016-03-03,98.41,98.48,201906,201909
2016-03-04,98.335,98.405,201906,201909
2016-03-07,98.31,98.375,201906,201909
2016-03-08,98.4,98.465,201906,201909
2016-03-09,98.355,98.415,201906,201909
2016-03-10,98.295,98.35,201906,201909
2016-03-11,98.235,98.29,201906,201909
2016-03-14,98.245,98.3,201906,201909
2016-03-15,98.24,98.295,201906,201909
2016-03-16,98.3,98.36,201906,201909
2016-03-17,98.34,98.4,201906,201909
2016-03-18,98.385,98.45,201906,201909
2016-03-21,98.33,98.39,201906,201909
2016-03-22,98.295,98.355,201906,201909
2016-03-23,98.365,98.42,201906,201909
2016-03-24,98.33,98.385,201906,201909
2016-03-28,98.35,98.41,201906,201909
2016-03-29,98.42,98.48,201906,201909
2016-03-30,98.45,98.515,201906,201909
2016-03-31,98.505,98.57,201906,201909
2016-04-01,98.47,98.535,201906,201909
2016-04-04,98.5,98.565,201906,201909
2016-04-05,98.565,98.63,201906,201909
2016-04-06,98.54,98.605,201906,201909
2016-04-07,98.62,98.685,201906,201909
2016-04-08,98.57,98.635,201906,201909
2016-04-11,98.57,98.635,201906,201909
2016-04-12,98.525,98.59,201906,201909
2016-04-13,98.545,98.61,201906,201909
2016-04-14,98.515,98.58,201906,201909
2016-04-15,98.555,98.62,201906,201909
2016-04-18,98.535,98.6,201906,201909
2016-04-19,98.5,98.565,201906,201909
2016-04-20,98.41,98.475,201906,201909
2016-04-21,98.385,98.45,201906,201909
2016-04-22,98.375,98.435,201906,201909
2016-04-25,98.355,98.42,201906,201909
2016-04-26,98.325,98.39,201906,201909
2016-04-27,98.4,98.46,201906,201909
2016-04-28,98.43,98.495,201906,201909
2016-04-29,98.445,98.51,201906,201909
2016-05-02,98.4,98.465,201906,201909
2016-05-03,98.475,98.54,201906,201909
2016-05-04,98.51,98.57,201906,201909
2016-05-05,98.56,98.625,201906,201909
2016-05-06,98.54,98.6,201906,201909
2016-05-09,98.585,98.645,201906,201909
2016-05-10,98.58,98.64,201906,201909
2016-05-11,98.59,98.65,201906,201909
2016-05-12,98.54,98.6,201906,201909
2016-05-13,98.58,98.635,201906,201909
2016-05-16,98.525,98.58,201906,201909
2016-05-17,98.505,98.555,201906,201909
2016-05-18,98.365,98.415,201906,201909
2016-05-19,98.4,98.45,201906,201909
2016-05-20,98.4,98.45,201906,201909
2016-05-23,98.41,98.455,201906,201909
2016-05-24,98.375,98.42,201906,201909
2016-05-25,98.365,98.41,201906,201909
2016-05-26,98.42,98.47,201906,201909
2016-05-27,98.41,98.46,201906,201909
2016-05-31,98.41,98.46,201906,201909
2016-06-01,98.375,98.425,201906,201909
2016-06-02,98.41,98.46,201906,201909
2016-06-03,98.565,98.615,201906,201909
2016-06-06,98.55,98.605,201906,201909
2016-06-07,98.565,98.62,201906,201909
2016-06-08,98.57,98.625,201906,201909
2016-06-09,98.605,98.66,201906,201909
2016-06-10,98.65,98.705,201906,201909
2016-06-13,98.7,98.75,201906,201909
2016-06-14,98.705,98.755,201906,201909
2016-06-15,98.73,98.78,201906,201909
2016-06-16,98.75,98.8,201906,201909
2016-06-17,98.69,98.745,201906,201909
2016-06-20,98.645,98.7,201906,201909
2016-06-21,98.605,98.66,201906,201909
2016-06-22,98.615,98.67,201906,201909
2016-06-23,98.555,98.61,201906,201909
2016-06-24,98.73,98.785,201906,201909
2016-06-27,98.86,98.915,201906,201909
2016-06-28,98.86,98.915,201906,201909
2016-06-29,98.835,98.885,201906,201909
2016-06-30,98.83,98.885,201906,201909
2016-07-01,98.825,98.88,201906,201909
2016-07-05,98.91,98.96,201906,201909
2016-07-06,98.885,98.935,201906,201909
2016-07-07,98.905,98.95,201906,201909
2016-07-08,98.94,98.98,201906,201909
2016-07-11,98.855,98.895,201906,201909
2016-07-12,98.775,98.82,201906,201909
2016-07-13,98.82,98.86,201906,201909
2016-07-14,98.775,98.815,201906,201909
2016-07-15,98.7,98.74,201906,201909
2016-07-18,98.725,98.77,201906,201909
2016-07-19,98.73,98.775,201906,201909
2016-07-20,98.69,98.735,201906,201909
2016-07-21,98.695,98.735,201906,201909
2016-07-22,98.67,98.71,201906,201909
2016-07-25,98.655,98.695,201906,201909
2016-07-26,98.675,98.715,201906,201909
2016-07-27,98.725,98.765,201906,201909
2016-07-28,98.74,98.78,201906,201909
2016-07-29,98.815,98.855,201906,201909
2016-08-01,98.79,98.83,201906,201909
2016-08-02,98.75,98.795,201906,201909
2016-08-03,98.76,98.8,201906,201909
2016-08-04,98.805,98.845,201906,201909
2016-08-05,98.685,98.725,201906,201909
2016-08-08,98.67,98.71,201906,201909
2016-08-09,98.71,98.745,201906,201909
2016-08-10,98.765,98.8,201906,201909
2016-08-11,98.7,98.735,201906,201909
2016-08-12,98.765,98.8,201906,201909
2016-08-15,98.73,98.77,201906,201909
2016-08-16,98.71,98.75,201906,201909
2016-08-17,98.695,98.73,201906,201909
2016-08-18,98.735,98.775,201906,201909
2016-08-19,98.69,98.725,201906,201909
2016-08-22,98.735,98.765,201906,201909
2016-08-23,98.72,98.755,201906,201909
2016-08-24,98.73,98.765,201906,201909
2016-08-25,98.695,98.73,201906,201909
2016-08-26,98.605,98.64,201906,201909
2016-08-29,98.68,98.71,201906,201909
2016-08-30,98.67,98.7,201906,201909
2016-08-31,98.665,98.7,201906,201909
2016-09-01,98.66,98.695,201906,201909
2016-09-02,98.67,98.705,201906,201909
2016-09-06,98.755,98.79,201906,201909
2016-09-07,98.755,98.79,201906,201909
2016-09-08,98.69,98.725,201906,201909
2016-09-09,98.63,98.67,201906,201909
2016-09-12,98.665,98.705,201906,201909
2016-09-13,98.61,98.655,201906,201909
2016-09-14,98.68,98.72,201906,201909
2016-09-15,98.67,98.715,201906,201909
2016-09-16,98.645,98.69,201906,201909
2016-09-19,98.645,98.685,201906,201909
2016-09-20,98.65,98.69,201906,201909
2016-09-21,98.65,98.685,201906,201909
2016-09-22,98.685,98.72,201906,201909
2016-09-23,98.705,98.74,201906,201909
2016-09-26,98.735,98.77,201906,201909
2016-09-27,98.75,98.785,201906,201909
2016-09-28,98.74,98.775,201906,201909
2016-09-29,98.755,98.79,201906,201909
2016-09-30,98.715,98.75,201906,201909
2016-10-03,98.69,98.725,201906,201909
2016-10-04,98.645,98.685,201906,201909
2016-10-05,98.615,98.655,201906,201909
2016-10-06,98.58,98.62,201906,201909
2016-10-07,98.59,98.63,201906,201909
2016-10-10,98.55,98.59,201906,201909
2016-10-11,98.565,98.605,201906,201909
2016-10-12,98.565,98.605,201906,201909
2016-10-13,98.62,98.66,201906,201909
2016-10-14,98.59,98.635,201906,201909
2016-10-17,98.605,98.65,201906,201909
2016-10-18,98.63,98.675,201906,201909
2016-10-19,98.635,98.68,201906,201909
2016-10-20,98.625,98.67,201906,201909
2016-10-21,98.625,98.665,201906,201909
2016-10-24,98.6,98.64,201906,201909
2016-10-25,98.59,98.63,201906,201909
2016-10-26,98.555,98.6,201906,201909
2016-10-27,98.515,98.565,201906,201909
2016-10-28,98.535,98.585,201906,201909
2016-10-31,98.545,98.595,201906,201909
2016-11-01,98.575,98.625,201906,201909
2016-11-02,98.6,98.65,201906,201909
2016-11-03,98.595,98.645,201906,201909
2016-11-04,98.615,98.665,201906,201909
2016-11-07,98.565,98.615,201906,201909
2016-11-08,98.51,98.56,201906,201909
2016-11-09,98.29,98.36,201906,201909
2016-11-10,98.205,98.275,201906,201909
2016-11-11,98.11,98.185,201906,201909
2016-11-14,98.04,98.115,201906,201909
2016-11-15,97.95,98.025,201909,201912
2016-11-16,97.97,98.045,201909,201912
2016-11-17,97.94,98.015,201909,201912
2016-11-18,97.855,97.935,201909,201912
2016-11-21,97.855,97.935,201909,201912
2016-11-22,97.89,97.975,201909,201912
2016-11-23,97.845,97.93,201909,201912
2016-11-25,97.825,97.91,201909,201912
2016-11-28,97.88,97.96,201909,201912
2016-11-29,97.925,98.005,201909,201912
2016-11-30,97.85,97.935,201909,201912
2016-12-01,97.76,97.85,201909,201912
2016-12-02,97.825,97.92,201909,201912
2016-12-05,97.795,97.89,201909,201912
2016-12-06,97.795,97.89,201909,201912
2016-12-07,97.855,97.945,201909,201912
2016-12-08,97.83,97.92,201909,201912
2016-12-09,97.745,97.845,201909,201912
2016-12-12,97.74,97.84,201909,201912
2016-12-13,97.715,97.815,201909,201912
2016-12-14,97.62,97.71,201909,201912
2016-12-15,97.465,97.565,201909,201912
2016-12-16,97.485,97.58,201909,201912
2016-12-19,97.535,97.63,201909,201912
2016-12-20,97.515,97.61,201909,201912
2016-12-21,97.54,97.63,201909,201912
2016-12-22,97.545,97.635,201909,201912
2016-12-23,97.545,97.635,201909,201912
2016-12-27,97.52,97.605,201909,201912
2016-12-28,97.59,97.675,201909,201912
2016-12-29,97.64,97.72,201909,201912
2016-12-30,97.675,97.755,201909,201912
2017-01-03,97.67,97.75,201909,201912
2017-01-04,97.685,97.765,201909,201912
2017-01-05,97.785,97.865,201909,201912
2017-01-06,97.695,97.775,201909,201912
2017-01-09,97.745,97.825,201909,201912
2017-01-10,97.755,97.83,201909,201912
2017-01-11,97.755,97.83,201909,201912
2017-01-12,97.765,97.84,201909,201912
2017-01-13,97.735,97.815,201909,201912
2017-01-17,97.815,97.89,201909,201912
2017-01-18,97.75,97.83,201909,201912
2017-01-19,97.655,97.74,201909,201912
2017-01-20,97.67,97.76,201909,201912
2017-01-23,97.75,97.835,201909,201912
2017-01-24,97.685,97.77,201909,201912
2017-01-25,97.62,97.71,201909,201912
2017-01-26,97.64,97.735,201909,201912
2017-01-27,97.66,97.75,201909,201912
2017-01-30,97.665,97.755,201909,201912
2017-01-31,97.705,97.79,201909,201912
2017-02-01,97.675,97.765,201909,201912
2017-02-02,97.685,97.77,201909,201912
2017-02-03,97.665,97.755,201909,201912
2017-02-06,97.75,97.835,201909,201912
2017-02-07,97.765,97.85,201909,201912
2017-02-08,97.82,97.9,201909,201912
2017-02-09,97.76,97.84,201909,201912
2017-02-10,97.73,97.81,201909,201912
2017-02-13,97.7,97.785,201909,201912
2017-02-14,97.65,97.735,201909,201912
2017-02-15,97.605,97.685,201909,201912
2017-02-16,97.665,97.75,201909,201912
2017-02-17,97.695,97.775,201909,201912
2017-02-21,97.665,97.75,201909,201912
2017-02-22,97.69,97.77,201909,201912
2017-02-23,97.735,97.815,201909,201912
2017-02-24,97.81,97.885,201909,201912
2017-02-27,97.73,97.81,201909,201912
2017-02-28,97.725,97.805,201909,201912
2017-03-01,97.605,97.69,201909,201912
2017-03-02,97.55,97.635,201909,201912
2017-03-03,97.555,97.64,201909,201912
2017-03-06,97.575,97.655,201909,201912
2017-03-07,97.56,97.64,201909,201912
2017-03-08,97.515,97.6,201909,201912
2017-03-09,97.455,97.545,201909,201912
2017-03-10,97.465,97.555,201909,201912
2017-03-13,97.455,97.54,201909,201912
2017-03-14,97.45,97.54,201909,201912
2017-03-15,97.575,97.66,201909,201912
2017-03-16,97.58,97.67,201909,201912
2017-03-17,97.59,97.675,201909,201912
2017-03-20,97.63,97.715,201909,201912
2017-03-21,97.67,97.75,201909,201912
2017-03-22,97.72,97.8,201909,201912
2017-03-23,97.69,97.775,201909,201912
2017-03-24,97.69,97.775,201909,201912
2017-03-27,97.73,97.81,201909,201912
2017-03-28,97.685,97.765,201909,201912
2017-03-29,97.7,97.78,201909,201912
2017-03-30,97.66,97.74,201909,201912
2017-03-31,97.685,97.77,201909,201912
2017-04-03,97.76,97.845,201909,201912
2017-04-04,97.775,97.855,201909,201912
2017-04-05,97.815,97.9,201909,201912
2017-04-06,97.81,97.895,201909,201912
2017-04-07,97.765,97.845,201909,201912
2017-04-10,97.785,97.87,201909,201912
2017-04-11,97.87,97.95,201909,201912
2017-04-12,97.87,97.95,201909,201912
2017-04-13,97.94,98.02,201909,201912
2017-04-17,97.93,98.01,201909,201912
2017-04-18,98.01,98.085,201909,201912
2017-04-19,97.99,98.07,201909,201912
2017-04-20,97.925,98.005,201909,201912
2017-04-21,97.93,98.01,201909,201912
2017-04-24,97.89,97.97,201909,201912
2017-04-25,97.83,97.905,201909,201912
2017-04-26,97.855,97.935,201909,201912
2017-04-27,97.89,97.97,201909,201912
2017-04-28,97.89,97.97,201909,201912
2017-05-01,97.855,97.935,201909,201912
2017-05-02,97.89,97.97,201909,201912
2017-05-03,97.86,97.94,201909,201912
2017-05-04,97.825,97.91,201909,201912
2017-05-05,97.835,97.915,201909,201912
2017-05-08,97.815,97.9,201909,201912
2017-05-09,97.785,97.87,201909,201912
2017-05-10,97.81,97.89,201909,201912
2017-05-11,97.82,97.905,201909,201912
2017-05-12,97.91,97.995,201909,201912
2017-05-15,97.92,98.005,201909,201912
2017-05-16,97.935,98.015,201909,201912
2017-05-17,98.045,98.125,201909,201912
2017-05-18,98.015,98.095,201909,201912
2017-05-19,97.985,98.065,201909,201912
2017-05-22,97.975,98.055,201909,201912
2017-05-23,97.945,98.025,201909,201912
2017-05-24,97.965,98.045,201909,201912
2017-05-25,97.98,98.055,201909,201912
2017-05-26,97.98,98.055,201909,201912
2017-05-30,98.03,98.105,201909,201912
2017-05-31,98.035,98.11,201909,201912
2017-06-01,98.03,98.105,201909,201912
2017-06-02,98.075,98.145,201909,201912
2017-06-05,98.06,98.13,201909,201912
2017-06-06,98.085,98.155,201909,201912
2017-06-07,98.05,98.12,201909,201912
2017-06-08,98.035,98.105,201909,201912
2017-06-09,98.035,98.105,201909,201912
2017-06-12,98.03,98.1,201909,201912
2017-06-13,98.005,98.075,201909,201912
2017-06-14,98.07,98.135,201909,201912
2017-06-15,98.045,98.115,201909,201912
2017-06-16,98.075,98.145,201909,201912
2017-06-19,98.04,98.11,201909,201912
2017-06-20,98.07,98.14,201909,201912
2017-06-21,98.08,98.15,201909,201912
2017-06-22,98.11,98.18,201909,201912
2017-06-23,98.1,98.17,201909,201912
2017-06-26,98.09,98.16,201909,201912
2017-06-27,98.045,98.115,201909,201912
2017-06-28,98.04,98.11,201909,201912
2017-06-29,97.995,98.07,201909,201912
2017-06-30,97.955,98.03,201909,201912
2017-07-03,97.9,97.98,201909,201912
2017-07-05,97.89,97.965,201909,201912
2017-07-06,97.875,97.955,201909,201912
2017-07-07,97.86,97.94,201909,201912
2017-07-10,97.89,97.97,201909,201912
2017-07-11,97.915,97.995,201909,201912
2017-07-12,97.97,98.05,201909,201912
2017-07-13,97.96,98.04,201909,201912
2017-07-14,97.995,98.07,201909,201912
2017-07-17,98.01,98.085,201909,201912
2017-07-18,98.04,98.11,201909,201912
2017-07-19,98.03,98.1,201909,201912
2017-07-20,98.025,98.095,201909,201912
2017-07-21,98.05,98.12,201909,201912
