DATETIME,PRICE
2000-01-03,680.75
2000-01-04,679.5
2000-01-05,683.5
2000-01-06,683.0
2000-01-07,685.75
2000-01-10,688.5
2000-01-11,688.5
2000-01-12,693.25
2000-01-13,698.5
2000-01-14,699.5
2000-01-17,
2000-01-18,699.5
2000-01-19,700.25
2000-01-20,699.25
2000-01-21,697.5
2000-01-24,700.5
2000-01-25,698.0
2000-01-26,694.25
2000-01-27,697.5
2000-01-28,695.0
2000-01-31,691.5
2000-02-01,693.0
2000-02-02,692.0
2000-02-03,688.25
2000-02-04,692.25
2000-02-07,693.5
2000-02-08,693.5
2000-02-09,699.5
2000-02-10,706.25
2000-02-11,704.75
2000-02-14,704.0
2000-02-15,701.0
2000-02-16,701.0
2000-02-17,697.5
2000-02-18,699.75
2000-02-21,
2000-02-22,697.5
2000-02-23,690.25
2000-02-24,691.5
2000-02-25,683.25
2000-02-28,680.0
2000-02-29,683.0
2000-03-01,683.5
2000-03-02,682.25
2000-03-03,682.25
2000-03-06,684.5
2000-03-07,684.5
2000-03-08,687.0
2000-03-09,688.75
2000-03-10,685.0
2000-03-13,688.25
2000-03-14,696.25
2000-03-15,694.25
2000-03-16,691.0
2000-03-17,697.25
2000-03-20,692.0
2000-03-21,686.75
2000-03-22,687.75
2000-03-23,682.75
2000-03-24,679.0
2000-03-27,681.0
2000-03-28,676.25
2000-03-29,677.75
2000-03-30,682.25
2000-03-31,689.25
2000-04-03,684.25
2000-04-04,682.75
2000-04-05,682.75
2000-04-06,680.75
2000-04-07,684.5
2000-04-10,679.5
2000-04-11,679.25
2000-04-12,682.25
2000-04-13,684.75
2000-04-14,682.75
2000-04-17,680.25
2000-04-18,678.75
2000-04-19,679.5
2000-04-20,678.5
2000-04-21,
2000-04-24,678.5
2000-04-25,680.75
2000-04-26,676.0
2000-04-27,670.5
2000-04-28,670.5
2000-05-01,680.25
2000-05-02,680.75
2000-05-03,687.25
2000-05-04,691.0
2000-05-05,687.5
2000-05-08,683.75
2000-05-09,683.75
2000-05-10,690.25
2000-05-11,696.5
2000-05-12,698.75
2000-05-15,697.75
2000-05-16,696.0
2000-05-17,692.25
2000-05-18,687.0
2000-05-19,692.0
2000-05-22,696.0
2000-05-23,696.5
2000-05-24,694.75
2000-05-25,695.25
2000-05-26,696.75
2000-05-29,
2000-05-30,690.25
2000-05-31,690.25
2000-06-01,686.25
2000-06-02,688.0
2000-06-05,682.0
2000-06-06,683.5
2000-06-07,681.25
2000-06-08,683.0
2000-06-09,686.5
2000-06-12,682.5
2000-06-13,681.75
2000-06-14,678.0
2000-06-15,679.5
2000-06-16,680.25
2000-06-19,685.5
2000-06-20,690.5
2000-06-21,694.0
2000-06-22,694.75
2000-06-23,690.25
2000-06-26,691.75
2000-06-27,690.75
2000-06-28,689.75
2000-06-29,690.25
2000-06-30,677.0
2000-07-03,663.0
2000-07-04,
2000-07-05,663.75
2000-07-06,659.75
2000-07-07,660.0
2000-07-10,663.0
2000-07-11,662.25
2000-07-12,658.0
2000-07-13,660.75
2000-07-14,654.25
2000-07-17,650.5
2000-07-18,647.5
2000-07-19,650.5
2000-07-20,653.25
2000-07-21,653.0
2000-07-24,651.25
2000-07-25,651.75
2000-07-26,650.75
2000-07-27,652.25
2000-07-28,654.5
2000-07-31,652.5
2000-08-01,651.5
2000-08-02,653.0
2000-08-03,648.5
2000-08-04,644.5
2000-08-07,641.25
2000-08-08,644.0
2000-08-09,642.75
2000-08-10,643.0
2000-08-11,643.75
2000-08-14,645.25
2000-08-15,647.5
2000-08-16,650.25
2000-08-17,646.25
2000-08-18,645.75
2000-08-21,643.0
2000-08-22,641.5
2000-08-23,640.75
2000-08-24,647.75
2000-08-25,649.0
2000-08-28,649.75
2000-08-29,657.25
2000-08-30,652.75
2000-08-31,656.75
2000-09-01,656.0
2000-09-04,
2000-09-05,658.0
2000-09-06,652.5
2000-09-07,654.0
2000-09-08,654.75
2000-09-11,654.0
2000-09-12,649.25
2000-09-13,645.5
2000-09-14,642.75
2000-09-15,640.75
2000-09-18,644.75
2000-09-19,637.75
2000-09-20,638.75
2000-09-21,636.5
2000-09-22,639.5
2000-09-25,642.75
2000-09-26,643.25
2000-09-27,647.25
2000-09-28,647.25
2000-09-29,650.25
2000-10-02,653.25
2000-10-03,655.25
2000-10-04,654.25
2000-10-05,654.25
2000-10-06,655.25
2000-10-09,654.25
2000-10-10,662.25
2000-10-11,663.75
2000-10-12,663.25
2000-10-13,655.25
2000-10-16,658.75
2000-10-17,656.75
2000-10-18,652.25
2000-10-19,649.75
2000-10-20,650.25
2000-10-23,645.75
2000-10-24,646.25
2000-10-25,644.25
2000-10-26,645.75
2000-10-27,648.25
2000-10-30,645.0
2000-10-31,645.0
2000-11-01,644.5
2000-11-02,649.25
2000-11-03,654.25
2000-11-06,652.75
2000-11-07,652.75
2000-11-08,655.25
2000-11-09,649.75
2000-11-10,648.75
2000-11-13,650.0
2000-11-14,648.25
2000-11-15,646.25
2000-11-16,647.75
2000-11-17,649.75
2000-11-20,649.25
2000-11-21,648.25
2000-11-22,650.25
2000-11-23,
2000-11-24,653.75
2000-11-27,651.75
2000-11-28,649.25
2000-11-29,646.75
2000-11-30,649.5
2000-12-01,652.75
2000-12-04,654.75
2000-12-05,653.25
2000-12-06,653.75
2000-12-07,648.75
2000-12-08,650.75
2000-12-11,649.25
2000-12-12,648.75
2000-12-13,648.25
2000-12-14,645.25
2000-12-15,643.5
2000-12-18,645.75
2000-12-19,649.75
2000-12-20,648.0
2000-12-21,649.75
2000-12-22,652.25
2000-12-25,
2000-12-26,651.75
2000-12-27,648.75
2000-12-28,648.75
2000-12-29,656.75
2001-01-01,
2001-01-02,653.75
2001-01-03,660.75
2001-01-04,662.25
2001-01-05,661.75
2001-01-08,660.75
2001-01-09,663.25
2001-01-10,666.75
2001-01-11,667.5
2001-01-12,666.75
2001-01-15,
2001-01-16,663.25
2001-01-17,661.75
2001-01-18,663.5
2001-01-19,664.25
2001-01-22,664.25
2001-01-23,665.75
2001-01-24,665.75
2001-01-25,662.75
2001-01-26,657.25
2001-01-29,650.25
2001-01-30,651.75
2001-01-31,654.0
2001-02-01,651.0
2001-02-02,653.0
2001-02-05,650.25
2001-02-06,648.5
2001-02-07,649.75
2001-02-08,648.75
2001-02-09,648.0
2001-02-12,642.75
2001-02-13,644.75
2001-02-14,648.0
2001-02-15,648.25
2001-02-16,645.5
2001-02-19,
2001-02-20,646.5
2001-02-21,642.25
2001-02-22,638.5
2001-02-23,639.0
2001-02-26,638.5
2001-02-27,638.25
2001-02-28,645.0
2001-03-01,644.0
2001-03-02,647.0
2001-03-05,650.5
2001-03-06,649.5
2001-03-07,647.25
2001-03-08,648.0
2001-03-09,648.25
2001-03-12,653.75
2001-03-13,653.0
2001-03-14,651.25
2001-03-15,642.25
2001-03-16,638.5
2001-03-19,637.0
2001-03-20,639.5
2001-03-21,635.25
2001-03-22,629.75
2001-03-23,631.25
2001-03-26,636.0
2001-03-27,636.0
2001-03-28,633.5
2001-03-29,633.5
2001-03-30,624.75
2001-04-02,628.5
2001-04-03,631.25
2001-04-04,633.25
2001-04-05,634.0
2001-04-06,631.75
2001-04-09,630.0
2001-04-10,628.0
2001-04-11,630.5
2001-04-12,636.75
2001-04-13,
2001-04-16,639.75
2001-04-17,635.75
2001-04-18,637.5
2001-04-19,636.25
2001-04-20,635.5
2001-04-23,633.75
2001-04-24,633.0
2001-04-25,638.25
2001-04-26,640.0
2001-04-27,634.75
2001-04-30,641.0
2001-05-01,640.25
2001-05-02,637.25
2001-05-03,632.0
2001-05-04,632.0
2001-05-07,628.25
2001-05-08,625.5
2001-05-09,624.5
2001-05-10,627.25
2001-05-11,629.5
2001-05-14,636.75
2001-05-15,635.5
2001-05-16,633.75
2001-05-17,634.0
2001-05-18,629.5
2001-05-21,621.5
2001-05-22,617.5
2001-05-23,618.0
2001-05-24,619.75
2001-05-25,617.5
2001-05-28,
2001-05-29,622.5
2001-05-30,622.0
2001-05-31,624.75
2001-06-01,627.75
2001-06-04,621.75
2001-06-05,618.5
2001-06-06,620.5
2001-06-07,622.5
2001-06-08,622.25
2001-06-11,619.75
2001-06-12,622.25
2001-06-13,622.0
2001-06-14,618.5
2001-06-15,614.75
2001-06-18,622.0
2001-06-19,620.5
2001-06-20,615.5
2001-06-21,614.5
2001-06-22,610.5
2001-06-25,604.75
2001-06-26,607.25
2001-06-27,606.5
2001-06-28,602.75
2001-06-29,605.75
2001-07-02,609.75
2001-07-03,612.25
2001-07-04,
2001-07-05,615.25
2001-07-06,617.75
2001-07-09,616.5
2001-07-10,619.25
2001-07-11,621.0
2001-07-12,636.75
2001-07-13,632.75
2001-07-16,629.25
2001-07-17,636.75
2001-07-18,635.25
2001-07-19,635.75
2001-07-20,630.75
2001-07-23,630.5
2001-07-24,629.0
2001-07-25,629.25
2001-07-26,627.25
2001-07-27,627.25
2001-07-30,624.25
2001-07-31,625.25
2001-08-01,621.75
2001-08-02,617.25
2001-08-03,612.75
2001-08-06,612.5
2001-08-07,615.5
2001-08-08,617.0
2001-08-09,619.0
2001-08-10,618.25
2001-08-13,620.25
2001-08-14,617.0
2001-08-15,614.75
2001-08-16,615.75
2001-08-17,615.5
2001-08-20,614.0
2001-08-21,616.25
2001-08-22,618.75
2001-08-23,624.5
2001-08-24,622.0
2001-08-27,621.0
2001-08-28,617.0
2001-08-29,620.75
2001-08-30,618.5
2001-08-31,621.75
2001-09-03,
2001-09-04,620.25
2001-09-05,618.25
2001-09-06,614.0
2001-09-07,613.0
2001-09-10,613.5
2001-09-11,
2001-09-12,
2001-09-13,614.75
2001-09-14,605.0
2001-09-17,607.25
2001-09-18,600.25
2001-09-19,598.25
2001-09-20,600.75
2001-09-21,599.75
2001-09-24,602.25
2001-09-25,603.25
2001-09-26,601.25
2001-09-27,600.25
2001-09-28,597.25
2001-10-01,595.25
2001-10-02,591.25
2001-10-03,594.75
2001-10-04,597.75
2001-10-05,596.75
2001-10-08,592.25
2001-10-09,591.75
2001-10-10,594.25
2001-10-11,595.25
2001-10-12,593.25
2001-10-15,592.75
2001-10-16,595.25
2001-10-17,597.25
2001-10-18,598.25
2001-10-19,601.75
2001-10-22,600.25
2001-10-23,601.75
2001-10-24,601.25
2001-10-25,605.75
2001-10-26,612.25
2001-10-29,607.5
2001-10-30,609.0
2001-10-31,608.75
2001-11-01,606.25
2001-11-02,604.75
2001-11-05,606.25
2001-11-06,606.75
2001-11-07,609.25
2001-11-08,606.25
2001-11-09,606.25
2001-11-12,604.25
2001-11-13,600.25
2001-11-14,603.25
2001-11-15,603.5
2001-11-16,603.25
2001-11-19,607.75
2001-11-20,605.25
2001-11-21,606.25
2001-11-22,
2001-11-23,605.25
2001-11-26,597.75
2001-11-27,597.75
2001-11-28,594.25
2001-11-29,594.25
2001-11-30,601.75
2001-12-03,597.75
2001-12-04,596.25
2001-12-05,598.25
2001-12-06,594.75
2001-12-07,596.0
2001-12-10,595.25
2001-12-11,595.25
2001-12-12,595.25
2001-12-13,592.25
2001-12-14,597.25
2001-12-17,596.25
2001-12-18,596.25
2001-12-19,598.75
2001-12-20,594.75
2001-12-21,594.5
2001-12-24,
2001-12-25,
2001-12-26,592.0
2001-12-27,595.25
2001-12-28,593.5
2001-12-31,591.25
2002-01-01,
2002-01-02,595.75
2002-01-03,601.25
2002-01-04,606.75
2002-01-07,604.5
2002-01-08,604.0
2002-01-09,603.5
2002-01-10,603.25
2002-01-11,609.5
2002-01-14,611.25
2002-01-15,609.25
2002-01-16,608.75
2002-01-17,609.25
2002-01-18,607.75
2002-01-21,
2002-01-22,605.5
2002-01-23,606.75
2002-01-24,609.25
2002-01-25,611.0
2002-01-28,604.0
2002-01-29,603.75
2002-01-30,602.5
2002-01-31,602.75
2002-02-01,604.75
2002-02-04,600.75
2002-02-05,600.25
2002-02-06,598.25
2002-02-07,599.25
2002-02-08,599.75
2002-02-11,600.0
2002-02-12,600.5
2002-02-13,601.75
2002-02-14,599.5
2002-02-15,593.5
2002-02-18,
2002-02-19,596.0
2002-02-20,597.75
2002-02-21,596.75
2002-02-22,597.0
2002-02-25,594.75
2002-02-26,591.75
2002-02-27,592.75
2002-02-28,592.0
2002-03-01,594.25
2002-03-04,593.75
2002-03-05,598.0
2002-03-06,598.25
2002-03-07,596.0
2002-03-08,594.75
2002-03-11,592.5
2002-03-12,594.5
2002-03-13,592.5
2002-03-14,595.0
2002-03-15,596.25
2002-03-18,594.25
2002-03-19,595.75
2002-03-20,592.5
2002-03-21,596.5
2002-03-22,595.5
2002-03-25,596.25
2002-03-26,599.75
2002-03-27,605.5
2002-03-28,599.75
2002-03-29,
2002-04-01,600.25
2002-04-02,599.5
2002-04-03,599.75
2002-04-04,597.5
2002-04-05,595.25
2002-04-08,591.5
2002-04-09,588.75
2002-04-10,591.0
2002-04-11,588.75
2002-04-12,591.0
2002-04-15,591.0
2002-04-16,594.75
2002-04-17,595.0
2002-04-18,588.75
2002-04-19,587.75
2002-04-22,587.25
2002-04-23,586.5
2002-04-24,584.5
2002-04-25,582.0
2002-04-26,580.5
2002-04-29,579.25
2002-04-30,582.5
2002-05-01,586.75
2002-05-02,579.5
2002-05-03,581.75
2002-05-06,584.25
2002-05-07,585.75
2002-05-08,584.0
2002-05-09,584.75
2002-05-10,583.0
2002-05-13,589.5
2002-05-14,589.25
2002-05-15,592.75
2002-05-16,586.75
2002-05-17,584.5
2002-05-20,587.0
2002-05-21,583.75
2002-05-22,580.75
2002-05-23,582.5
2002-05-24,580.75
2002-05-27,
2002-05-28,583.5
2002-05-29,588.0
2002-05-30,588.0
2002-05-31,594.0
2002-06-03,598.5
2002-06-04,593.5
2002-06-05,594.25
2002-06-06,592.0
2002-06-07,588.25
2002-06-10,590.75
2002-06-11,591.75
2002-06-12,595.5
2002-06-13,605.75
2002-06-14,604.0
2002-06-17,600.0
2002-06-18,599.0
2002-06-19,600.0
2002-06-20,601.75
2002-06-21,598.5
2002-06-24,603.0
2002-06-25,604.75
2002-06-26,606.0
2002-06-27,619.5
2002-06-28,618.75
2002-07-01,628.75
2002-07-02,625.75
2002-07-03,626.75
2002-07-04,
2002-07-05,627.5
2002-07-08,621.25
2002-07-09,624.75
2002-07-10,629.0
2002-07-11,627.25
2002-07-12,621.25
2002-07-15,627.75
2002-07-16,637.75
2002-07-17,639.5
2002-07-18,638.0
2002-07-19,635.25
2002-07-22,644.0
2002-07-23,637.75
2002-07-24,640.75
2002-07-25,639.0
2002-07-26,639.25
2002-07-29,631.5
2002-07-30,631.25
2002-07-31,639.25
2002-08-01,640.5
2002-08-02,642.75
2002-08-05,644.5
2002-08-06,648.25
2002-08-07,653.25
2002-08-08,645.25
2002-08-09,651.25
2002-08-12,658.0
2002-08-13,665.25
2002-08-14,664.25
2002-08-15,657.75
2002-08-16,656.25
2002-08-19,656.25
2002-08-20,646.25
2002-08-21,644.75
2002-08-22,646.25
2002-08-23,654.25
2002-08-26,660.5
2002-08-27,659.75
2002-08-28,661.25
2002-08-29,659.25
2002-08-30,665.25
2002-09-02,
2002-09-03,669.5
2002-09-04,681.5
2002-09-05,688.25
2002-09-06,705.25
2002-09-09,717.25
2002-09-10,711.25
2002-09-11,709.5
2002-09-12,701.25
2002-09-13,688.0
2002-09-16,696.0
2002-09-17,700.5
2002-09-18,708.25
2002-09-19,698.75
2002-09-20,701.25
2002-09-23,694.25
2002-09-24,701.75
2002-09-25,701.75
2002-09-26,703.75
2002-09-27,704.75
2002-09-30,702.75
2002-10-01,697.75
2002-10-02,693.75
2002-10-03,689.25
2002-10-04,690.25
2002-10-07,693.75
2002-10-08,695.25
2002-10-09,690.25
2002-10-10,688.25
2002-10-11,685.75
2002-10-14,684.75
2002-10-15,693.25
2002-10-16,693.75
2002-10-17,690.75
2002-10-18,689.75
2002-10-21,688.75
2002-10-22,682.25
2002-10-23,681.25
2002-10-24,682.25
2002-10-25,678.75
2002-10-28,677.25
2002-10-29,676.75
2002-10-30,679.25
2002-10-31,681.75
2002-11-01,683.75
2002-11-04,682.75
2002-11-05,681.75
2002-11-06,678.75
2002-11-07,678.5
2002-11-08,672.25
2002-11-11,674.75
2002-11-12,672.25
2002-11-13,671.25
2002-11-14,674.5
2002-11-15,671.75
2002-11-18,668.75
2002-11-19,672.25
2002-11-20,670.25
2002-11-21,671.75
2002-11-22,673.75
2002-11-25,675.5
2002-11-26,674.75
2002-11-27,677.75
2002-11-28,
2002-11-29,675.25
2002-12-02,671.75
2002-12-03,664.25
2002-12-04,667.75
2002-12-05,662.25
2002-12-06,664.75
2002-12-09,667.0
2002-12-10,663.75
2002-12-11,665.75
2002-12-12,666.25
2002-12-13,667.25
2002-12-16,669.75
2002-12-17,668.0
2002-12-18,665.25
2002-12-19,663.75
2002-12-20,658.75
2002-12-23,660.25
2002-12-24,
2002-12-25,
2002-12-26,657.25
2002-12-27,655.75
2002-12-30,655.75
2002-12-31,655.25
2003-01-01,
2003-01-02,660.75
2003-01-03,665.25
2003-01-06,666.0
2003-01-07,666.5
2003-01-08,673.25
2003-01-09,672.75
2003-01-10,673.25
2003-01-13,665.25
2003-01-14,660.75
2003-01-15,660.25
2003-01-16,662.25
2003-01-17,664.25
2003-01-20,
2003-01-21,667.75
2003-01-22,666.75
2003-01-23,665.5
2003-01-24,667.75
2003-01-27,661.5
2003-01-28,664.5
2003-01-29,663.25
2003-01-30,663.75
2003-01-31,665.25
2003-02-03,668.5
2003-02-04,673.75
2003-02-05,676.0
2003-02-06,675.25
2003-02-07,677.5
2003-02-10,683.0
2003-02-11,680.5
2003-02-12,677.25
2003-02-13,674.5
2003-02-14,677.75
2003-02-17,
2003-02-18,676.75
2003-02-19,674.75
2003-02-20,679.25
2003-02-21,678.25
2003-02-24,672.25
2003-02-25,671.0
2003-02-26,669.25
2003-02-27,660.25
2003-02-28,660.25
2003-03-03,665.75
2003-03-04,668.0
2003-03-05,665.75
2003-03-06,666.75
2003-03-07,658.25
2003-03-10,657.25
2003-03-11,656.0
2003-03-12,653.0
2003-03-13,657.25
2003-03-14,651.0
2003-03-17,646.0
2003-03-18,649.5
2003-03-19,649.25
2003-03-20,650.5
2003-03-21,643.0
2003-03-24,638.25
2003-03-25,639.25
2003-03-26,642.5
2003-03-27,642.5
2003-03-28,641.25
2003-03-31,646.0
2003-04-01,644.5
2003-04-02,646.25
2003-04-03,642.25
2003-04-04,646.0
2003-04-07,650.0
2003-04-08,646.0
2003-04-09,650.0
2003-04-10,646.75
2003-04-11,644.25
2003-04-14,641.75
2003-04-15,647.5
2003-04-16,642.0
2003-04-17,647.25
2003-04-18,
2003-04-21,649.0
2003-04-22,645.25
2003-04-23,647.0
2003-04-24,646.0
2003-04-25,643.25
2003-04-28,639.0
2003-04-29,639.0
2003-04-30,639.5
2003-05-01,639.0
2003-05-02,641.5
2003-05-05,645.25
2003-05-06,648.0
2003-05-07,656.25
2003-05-08,654.75
2003-05-09,674.5
2003-05-12,686.0
2003-05-13,686.25
2003-05-14,684.0
2003-05-15,693.0
2003-05-16,692.75
2003-05-19,682.0
2003-05-20,688.75
2003-05-21,687.5
2003-05-22,681.0
2003-05-23,677.75
2003-05-26,
2003-05-27,682.5
2003-05-28,675.5
2003-05-29,680.5
2003-05-30,681.25
2003-06-02,677.25
2003-06-03,677.75
2003-06-04,672.25
2003-06-05,678.5
2003-06-06,679.5
2003-06-09,684.75
2003-06-10,690.75
2003-06-11,689.0
2003-06-12,692.5
2003-06-13,674.25
2003-06-16,671.75
2003-06-17,673.5
2003-06-18,674.0
2003-06-19,673.5
2003-06-20,670.25
2003-06-23,665.25
2003-06-24,660.25
2003-06-25,659.75
2003-06-26,657.5
2003-06-27,654.25
2003-06-30,661.25
2003-07-01,665.5
2003-07-02,665.5
2003-07-03,662.25
2003-07-04,
2003-07-07,657.25
2003-07-08,659.5
2003-07-09,667.25
2003-07-10,663.75
2003-07-11,671.25
2003-07-14,669.0
2003-07-15,665.5
2003-07-16,670.25
2003-07-17,677.25
2003-07-18,685.25
2003-07-21,684.75
2003-07-22,684.25
2003-07-23,696.75
2003-07-24,695.25
2003-07-25,693.5
2003-07-28,701.25
2003-07-29,699.25
2003-07-30,691.25
2003-07-31,699.75
2003-08-01,703.75
2003-08-04,707.5
2003-08-05,702.5
2003-08-06,711.5
2003-08-07,711.75
2003-08-08,711.0
2003-08-11,712.75
2003-08-12,715.25
2003-08-13,717.75
2003-08-14,722.0
2003-08-15,731.75
2003-08-18,735.5
2003-08-19,722.0
2003-08-20,719.5
2003-08-21,716.75
2003-08-22,715.75
2003-08-25,712.0
2003-08-26,714.5
2003-08-27,714.5
2003-08-28,713.0
2003-08-29,721.75
2003-09-01,
2003-09-02,718.0
2003-09-03,712.25
2003-09-04,708.5
2003-09-05,699.75
2003-09-08,702.5
2003-09-09,699.25
2003-09-10,698.5
2003-09-11,692.5
2003-09-12,692.25
2003-09-15,697.0
2003-09-16,694.25
2003-09-17,690.25
2003-09-18,681.5
2003-09-19,689.5
2003-09-22,687.5
2003-09-23,687.0
2003-09-24,692.5
2003-09-25,697.5
2003-09-26,698.5
2003-09-29,695.5
2003-09-30,700.5
2003-10-01,699.0
2003-10-02,695.5
2003-10-03,692.0
2003-10-06,688.5
2003-10-07,687.5
2003-10-08,683.5
2003-10-09,681.0
2003-10-10,680.5
2003-10-13,679.25
2003-10-14,680.5
2003-10-15,681.0
2003-10-16,687.5
2003-10-17,683.5
2003-10-20,683.5
2003-10-21,687.0
2003-10-22,694.5
2003-10-23,699.5
2003-10-24,700.5
2003-10-27,696.0
2003-10-28,705.5
2003-10-29,706.5
2003-10-30,705.5
2003-10-31,708.5
2003-11-03,706.75
2003-11-04,706.5
2003-11-05,716.0
2003-11-06,714.5
2003-11-07,713.5
2003-11-10,717.5
2003-11-11,718.5
2003-11-12,723.5
2003-11-13,726.0
2003-11-14,725.5
2003-11-17,726.0
2003-11-18,724.0
2003-11-19,710.0
2003-11-20,713.5
2003-11-21,714.0
2003-11-24,714.5
2003-11-25,720.25
2003-11-26,721.5
2003-11-27,
2003-11-28,726.5
2003-12-01,730.0
2003-12-02,730.5
2003-12-03,736.5
2003-12-04,736.0
2003-12-05,730.5
2003-12-08,737.5
2003-12-09,734.0
2003-12-10,730.0
2003-12-11,724.5
2003-12-12,725.5
2003-12-15,722.0
2003-12-16,727.0
2003-12-17,725.5
2003-12-18,729.5
2003-12-19,731.5
2003-12-22,729.5
2003-12-23,720.25
2003-12-24,710.5
2003-12-25,
2003-12-26,713.0
2003-12-29,715.5
2003-12-30,712.5
2003-12-31,718.5
2004-01-01,
2004-01-02,746.0
2004-01-05,740.0
2004-01-06,740.0
2004-01-07,742.5
2004-01-08,744.5
2004-01-09,738.75
2004-01-12,752.25
2004-01-13,746.5
2004-01-14,747.75
2004-01-15,743.0
2004-01-16,749.5
2004-01-19,
2004-01-20,746.5
2004-01-21,747.0
2004-01-22,741.5
2004-01-23,738.5
2004-01-26,739.0
2004-01-27,737.25
2004-01-28,732.5
2004-01-29,737.5
2004-01-30,746.75
2004-02-02,744.5
2004-02-03,739.5
2004-02-04,736.0
2004-02-05,739.0
2004-02-06,734.0
2004-02-09,736.5
2004-02-10,737.75
2004-02-11,740.75
2004-02-12,740.0
2004-02-13,735.5
2004-02-16,
2004-02-17,732.5
2004-02-18,727.25
2004-02-19,730.75
2004-02-20,733.0
2004-02-23,749.5
2004-02-24,751.5
2004-02-25,748.75
2004-02-26,751.5
2004-02-27,748.25
2004-03-01,743.75
2004-03-02,742.0
2004-03-03,737.5
2004-03-04,739.5
2004-03-05,737.25
2004-03-08,731.5
2004-03-09,732.5
2004-03-10,728.5
2004-03-11,724.25
2004-03-12,727.0
2004-03-15,734.0
2004-03-16,734.5
2004-03-17,750.0
2004-03-18,756.5
2004-03-19,752.75
2004-03-22,782.0
2004-03-23,770.75
2004-03-24,770.75
2004-03-25,767.75
2004-03-26,766.0
2004-03-29,767.25
2004-03-30,776.75
2004-03-31,773.75
2004-04-01,774.5
2004-04-02,780.25
2004-04-05,778.25
2004-04-06,778.5
2004-04-07,780.75
2004-04-08,781.25
2004-04-09,
2004-04-12,775.25
2004-04-13,761.5
2004-04-14,769.0
2004-04-15,752.25
2004-04-16,757.25
2004-04-19,761.5
2004-04-20,765.5
2004-04-21,753.0
2004-04-22,748.25
2004-04-23,743.0
2004-04-26,743.75
2004-04-27,749.75
2004-04-28,744.0
2004-04-29,747.25
2004-04-30,750.5
2004-05-03,756.75
2004-05-04,770.25
2004-05-05,768.75
2004-05-06,764.25
2004-05-07,764.25
2004-05-10,746.75
2004-05-11,741.5
2004-05-12,731.5
2004-05-13,731.75
2004-05-14,721.0
2004-05-17,730.0
2004-05-18,732.0
2004-05-19,739.5
2004-05-20,733.25
2004-05-21,730.5
2004-05-24,742.0
2004-05-25,741.0
2004-05-26,746.5
2004-05-27,734.5
2004-05-28,727.0
2004-05-31,
2004-06-01,752.75
2004-06-02,740.25
2004-06-03,731.5
2004-06-04,735.75
2004-06-07,729.5
2004-06-08,729.25
2004-06-09,727.0
2004-06-10,717.5
2004-06-11,
2004-06-14,722.25
2004-06-15,716.5
2004-06-16,716.0
2004-06-17,717.25
2004-06-18,716.5
2004-06-21,719.25
2004-06-22,709.0
2004-06-23,710.5
2004-06-24,704.5
2004-06-25,707.25
2004-06-28,704.75
2004-06-29,705.75
2004-06-30,702.75
2004-07-01,696.5
2004-07-02,699.5
2004-07-05,
2004-07-06,702.75
2004-07-07,706.5
2004-07-08,700.75
2004-07-09,697.0
2004-07-12,704.0
2004-07-13,698.0
2004-07-14,703.25
2004-07-15,692.0
2004-07-16,691.5
2004-07-19,693.5
2004-07-20,690.0
2004-07-21,683.0
2004-07-22,681.75
2004-07-23,687.75
2004-07-26,683.0
2004-07-27,680.5
2004-07-28,673.0
2004-07-29,671.75
2004-07-30,671.0
2004-08-02,676.25
2004-08-03,676.75
2004-08-04,678.25
2004-08-05,681.5
2004-08-06,677.5
2004-08-09,677.0
2004-08-10,671.75
2004-08-11,665.0
2004-08-12,659.5
2004-08-13,659.0
2004-08-16,662.25
2004-08-17,668.0
2004-08-18,661.0
2004-08-19,669.0
2004-08-20,670.0
2004-08-23,678.0
2004-08-24,669.75
2004-08-25,664.5
2004-08-26,664.25
2004-08-27,659.75
2004-08-30,661.75
2004-08-31,668.25
2004-09-01,675.75
2004-09-02,668.0
2004-09-03,664.5
2004-09-06,
2004-09-07,662.75
2004-09-08,665.25
2004-09-09,665.75
2004-09-10,679.0
2004-09-13,681.75
2004-09-14,677.25
2004-09-15,682.75
2004-09-16,683.75
2004-09-17,678.75
2004-09-20,674.25
2004-09-21,680.25
2004-09-22,671.25
2004-09-23,670.75
2004-09-24,667.25
2004-09-27,666.0
2004-09-28,661.25
2004-09-29,665.25
2004-09-30,652.25
2004-10-01,649.25
2004-10-04,646.25
2004-10-05,650.75
2004-10-06,648.25
2004-10-07,647.75
2004-10-08,648.25
2004-10-11,645.25
2004-10-12,651.25
2004-10-13,651.75
2004-10-14,654.25
2004-10-15,659.25
2004-10-18,654.25
2004-10-19,659.5
2004-10-20,654.25
2004-10-21,653.5
2004-10-22,650.25
2004-10-25,657.25
2004-10-26,658.75
2004-10-27,660.75
2004-10-28,665.25
2004-10-29,661.25
2004-11-01,651.25
2004-11-02,651.5
2004-11-03,648.25
2004-11-04,652.0
2004-11-05,658.25
2004-11-08,658.75
2004-11-09,653.75
2004-11-10,652.0
2004-11-11,650.25
2004-11-12,650.25
2004-11-15,656.5
2004-11-16,664.75
2004-11-17,668.25
2004-11-18,668.25
2004-11-19,659.75
2004-11-22,654.25
2004-11-23,652.25
2004-11-24,650.5
2004-11-25,650.5
2004-11-26,642.75
2004-11-29,638.25
2004-11-30,638.75
2004-12-01,637.0
2004-12-02,635.75
2004-12-03,642.25
2004-12-06,643.75
2004-12-07,637.75
2004-12-08,638.75
2004-12-09,640.0
2004-12-10,635.0
2004-12-13,637.75
2004-12-14,639.75
2004-12-15,641.75
2004-12-16,637.25
2004-12-17,642.25
2004-12-20,644.25
2004-12-21,643.75
2004-12-22,645.5
2004-12-23,645.75
2004-12-24,645.75
2004-12-27,643.25
2004-12-28,641.75
2004-12-29,641.25
2004-12-30,646.25
2004-12-31,646.25
2005-01-03,639.75
2005-01-04,633.75
2005-01-05,637.75
2005-01-06,646.0
2005-01-07,647.0
2005-01-10,644.75
2005-01-11,644.5
2005-01-12,643.0
2005-01-13,644.25
2005-01-14,634.25
2005-01-17,
2005-01-18,633.25
2005-01-19,635.5
2005-01-20,631.75
2005-01-21,632.25
2005-01-24,632.0
2005-01-25,633.0
2005-01-26,631.75
2005-01-27,626.75
2005-01-28,627.0
2005-01-31,628.25
2005-02-01,628.5
2005-02-02,625.25
2005-02-03,627.5
2005-02-04,624.0
2005-02-07,628.25
2005-02-08,626.25
2005-02-09,627.0
2005-02-10,631.75
2005-02-11,631.0
2005-02-14,639.0
2005-02-15,635.75
2005-02-16,629.0
2005-02-17,632.75
2005-02-18,632.0
2005-02-21,
2005-02-22,648.25
2005-02-23,651.0
2005-02-24,648.75
2005-02-25,659.25
2005-02-28,671.5
2005-03-01,664.75
2005-03-02,668.75
2005-03-03,665.0
2005-03-04,664.75
2005-03-07,658.75
2005-03-08,664.75
2005-03-09,669.25
2005-03-10,676.25
2005-03-11,686.25
2005-03-14,681.25
2005-03-15,696.25
2005-03-16,688.25
2005-03-17,692.75
2005-03-18,682.75
2005-03-21,671.75
2005-03-22,674.75
2005-03-23,667.0
2005-03-24,668.75
2005-03-25,
2005-03-28,667.25
2005-03-29,666.5
2005-03-30,665.0
2005-03-31,663.75
2005-04-01,654.75
2005-04-04,648.75
2005-04-05,643.75
2005-04-06,649.25
2005-04-07,649.0
2005-04-08,646.25
2005-04-11,647.75
2005-04-12,646.0
2005-04-13,645.25
2005-04-14,643.25
2005-04-15,639.75
2005-04-18,636.5
2005-04-19,642.75
2005-04-20,645.75
2005-04-21,646.5
2005-04-22,644.5
2005-04-25,654.75
2005-04-26,658.25
2005-04-27,654.75
2005-04-28,653.25
2005-04-29,652.0
2005-05-02,648.75
2005-05-03,643.5
2005-05-04,642.5
2005-05-05,640.0
2005-05-06,643.5
2005-05-09,640.0
2005-05-10,648.0
2005-05-11,641.0
2005-05-12,635.75
2005-05-13,630.25
2005-05-16,633.5
2005-05-17,637.75
2005-05-18,643.0
2005-05-19,637.0
2005-05-20,640.75
2005-05-23,660.5
2005-05-24,659.75
2005-05-25,658.0
2005-05-26,664.75
2005-05-27,662.5
2005-05-30,
2005-05-31,658.5
2005-06-01,659.0
2005-06-02,651.75
2005-06-03,651.25
2005-06-06,649.5
2005-06-07,648.25
2005-06-08,642.75
2005-06-09,644.0
2005-06-10,643.75
2005-06-13,643.5
2005-06-14,645.75
2005-06-15,653.0
2005-06-16,651.75
2005-06-17,657.0
2005-06-20,668.0
2005-06-21,664.75
2005-06-22,666.5
2005-06-23,662.5
2005-06-24,670.75
2005-06-27,660.25
2005-06-28,658.75
2005-06-29,659.25
2005-06-30,652.25
2005-07-01,656.5
2005-07-04,
2005-07-05,668.75
2005-07-06,664.0
2005-07-07,665.5
2005-07-08,659.5
2005-07-11,657.25
2005-07-12,653.75
2005-07-13,661.75
2005-07-14,667.75
2005-07-15,670.5
2005-07-18,675.25
2005-07-19,660.25
2005-07-20,656.5
2005-07-21,650.75
2005-07-22,652.75
2005-07-25,649.0
2005-07-26,651.75
2005-07-27,653.5
2005-07-28,655.25
2005-07-29,650.5
2005-08-01,653.5
2005-08-02,655.75
2005-08-03,649.75
2005-08-04,648.0
2005-08-05,644.25
2005-08-08,645.75
2005-08-09,642.75
2005-08-10,645.75
2005-08-11,650.75
2005-08-12,644.0
2005-08-15,639.5
2005-08-16,633.25
2005-08-17,637.5
2005-08-18,643.75
2005-08-19,647.5
2005-08-22,645.0
2005-08-23,639.75
2005-08-24,636.75
2005-08-25,639.25
2005-08-26,635.75
2005-08-29,634.5
2005-08-30,631.5
2005-08-31,625.75
2005-09-01,630.75
2005-09-02,628.25
2005-09-05,
2005-09-06,629.25
2005-09-07,627.0
2005-09-08,631.75
2005-09-09,634.0
2005-09-12,634.75
2005-09-13,637.75
2005-09-14,635.5
2005-09-15,631.0
2005-09-16,632.5
2005-09-19,628.5
2005-09-20,629.5
2005-09-21,632.0
2005-09-22,639.0
2005-09-23,642.0
2005-09-26,637.0
2005-09-27,635.5
2005-09-28,636.0
2005-09-29,640.5
2005-09-30,653.25
2005-10-03,654.5
2005-10-04,651.0
2005-10-05,651.5
2005-10-06,651.0
2005-10-07,645.25
2005-10-10,646.25
2005-10-11,650.0
2005-10-12,653.75
2005-10-13,650.0
2005-10-14,645.75
2005-10-17,644.0
2005-10-18,637.0
2005-10-19,636.25
2005-10-20,641.25
2005-10-21,639.0
2005-10-24,635.0
2005-10-25,637.5
2005-10-26,636.25
2005-10-27,636.5
2005-10-28,631.75
2005-10-31,631.5
2005-11-01,631.5
2005-11-02,628.0
2005-11-03,628.0
2005-11-04,628.75
2005-11-07,629.0
2005-11-08,630.0
2005-11-09,632.0
2005-11-10,626.25
2005-11-11,627.25
2005-11-14,628.0
2005-11-15,622.0
2005-11-16,623.25
2005-11-17,622.0
2005-11-18,618.75
2005-11-21,614.5
2005-11-22,614.25
2005-11-23,614.0
2005-11-24,
2005-11-25,613.75
2005-11-28,615.0
2005-11-29,618.0
2005-11-30,621.25
2005-12-01,623.0
2005-12-02,620.25
2005-12-05,621.0
2005-12-06,616.75
2005-12-07,614.5
2005-12-08,613.0
2005-12-09,609.75
2005-12-12,616.0
2005-12-13,620.0
2005-12-14,625.0
2005-12-15,621.25
2005-12-16,622.0
2005-12-19,624.25
2005-12-20,629.25
2005-12-21,627.25
2005-12-22,631.25
2005-12-23,634.5
2005-12-26,
2005-12-27,640.5
2005-12-28,646.75
2005-12-29,638.25
2005-12-30,641.5
2006-01-02,
2006-01-03,647.25
2006-01-04,648.0
2006-01-05,641.75
2006-01-06,633.5
2006-01-09,629.5
2006-01-10,632.5
2006-01-11,634.0
2006-01-12,637.25
2006-01-13,638.25
2006-01-16,
2006-01-17,632.75
2006-01-18,628.75
2006-01-19,632.0
2006-01-20,632.75
2006-01-23,632.5
2006-01-24,639.0
2006-01-25,648.25
2006-01-26,650.5
2006-01-27,649.75
2006-01-30,651.5
2006-01-31,650.0
2006-02-01,646.25
2006-02-02,654.25
2006-02-03,662.0
2006-02-06,661.0
2006-02-07,659.25
2006-02-08,663.0
2006-02-09,668.0
2006-02-10,660.25
2006-02-13,654.25
2006-02-14,652.75
2006-02-15,658.0
2006-02-16,665.5
2006-02-17,673.25
2006-02-20,
2006-02-21,677.5
2006-02-22,671.5
2006-02-23,673.0
2006-02-24,675.0
2006-02-27,681.75
2006-02-28,680.0
2006-03-01,670.5
2006-03-02,677.5
2006-03-03,682.25
2006-03-06,678.0
2006-03-07,678.75
2006-03-08,682.0
2006-03-09,679.0
2006-03-10,680.5
2006-03-13,667.25
2006-03-14,661.5
2006-03-15,661.0
2006-03-16,651.5
2006-03-17,659.0
2006-03-20,650.5
2006-03-21,653.5
2006-03-22,651.0
2006-03-23,646.25
2006-03-24,644.5
2006-03-27,641.5
2006-03-28,643.5
2006-03-29,643.25
2006-03-30,647.0
2006-03-31,650.5
2006-04-03,644.75
2006-04-04,646.0
2006-04-05,649.75
2006-04-06,656.5
2006-04-07,655.25
2006-04-10,664.25
2006-04-11,671.0
2006-04-12,664.0
2006-04-13,660.75
2006-04-14,
2006-04-17,653.25
2006-04-18,659.5
2006-04-19,659.5
2006-04-20,658.75
2006-04-21,657.25
2006-04-24,657.25
2006-04-25,656.75
2006-04-26,655.25
2006-04-27,649.25
2006-04-28,652.0
2006-05-01,658.5
2006-05-02,660.25
2006-05-03,659.0
2006-05-04,655.75
2006-05-05,666.0
2006-05-08,668.75
2006-05-09,678.75
2006-05-10,677.75
2006-05-11,686.0
2006-05-12,694.5
2006-05-15,692.5
2006-05-16,696.5
2006-05-17,717.0
2006-05-18,711.0
2006-05-19,709.75
2006-05-22,720.0
2006-05-23,714.0
2006-05-24,705.5
2006-05-25,704.5
2006-05-26,709.75
2006-05-29,
2006-05-30,706.75
2006-05-31,688.5
2006-06-01,688.5
2006-06-02,699.75
2006-06-05,695.25
2006-06-06,680.25
2006-06-07,683.25
2006-06-08,680.25
2006-06-09,669.0
2006-06-12,670.0
2006-06-13,667.0
2006-06-14,659.5
2006-06-15,658.5
2006-06-16,657.0
2006-06-19,658.75
2006-06-20,667.25
2006-06-21,673.0
2006-06-22,665.25
2006-06-23,663.75
2006-06-26,666.5
2006-06-27,677.75
2006-06-28,671.25
2006-06-29,678.0
2006-06-30,678.0
2006-07-03,684.5
2006-07-04,
2006-07-05,686.5
2006-07-06,689.25
2006-07-07,680.0
2006-07-10,686.0
2006-07-11,699.0
2006-07-12,697.5
2006-07-13,679.75
2006-07-14,681.0
2006-07-17,676.0
2006-07-18,680.75
2006-07-19,676.25
2006-07-20,688.0
2006-07-21,689.75
2006-07-24,684.25
2006-07-25,677.0
2006-07-26,667.75
2006-07-27,671.0
2006-07-28,671.5
2006-07-31,680.0
2006-08-01,676.75
2006-08-02,685.0
2006-08-03,678.0
2006-08-04,680.75
2006-08-07,677.25
2006-08-08,668.75
2006-08-09,672.75
2006-08-10,671.0
2006-08-11,659.0
2006-08-14,657.75
2006-08-15,660.75
2006-08-16,655.0
2006-08-17,646.5
2006-08-18,646.75
2006-08-21,649.0
2006-08-22,643.5
2006-08-23,650.5
2006-08-24,659.25
2006-08-25,661.75
2006-08-28,667.75
2006-08-29,664.25
2006-08-30,680.0
2006-08-31,685.75
2006-09-01,683.0
2006-09-04,
2006-09-05,685.5
2006-09-06,680.5
2006-09-07,683.75
2006-09-08,679.0
2006-09-11,676.5
2006-09-12,666.0
2006-09-13,661.0
2006-09-14,654.0
2006-09-15,656.0
2006-09-18,659.0
2006-09-19,672.5
2006-09-20,671.75
2006-09-21,683.75
2006-09-22,678.25
2006-09-25,675.75
2006-09-26,685.75
2006-09-27,682.75
2006-09-28,694.75
2006-09-29,687.75
2006-10-02,691.75
2006-10-03,690.5
2006-10-04,705.25
2006-10-05,695.0
2006-10-06,692.75
2006-10-09,701.75
2006-10-10,680.25
2006-10-11,675.25
2006-10-12,669.75
2006-10-13,682.75
2006-10-16,676.25
2006-10-17,685.25
2006-10-18,675.25
2006-10-19,676.5
2006-10-20,685.25
2006-10-23,687.75
2006-10-24,690.25
2006-10-25,689.25
2006-10-26,687.25
2006-10-27,682.25
2006-10-30,683.75
2006-10-31,675.25
2006-11-01,682.75
2006-11-02,681.75
2006-11-03,690.25
2006-11-06,695.75
2006-11-07,699.25
2006-11-08,701.75
2006-11-09,695.75
2006-11-10,684.75
2006-11-13,689.25
2006-11-14,695.75
2006-11-15,692.75
2006-11-16,685.0
2006-11-17,686.75
2006-11-20,686.0
2006-11-21,693.75
2006-11-22,703.25
2006-11-23,
2006-11-24,715.75
2006-11-27,704.25
2006-11-28,707.75
2006-11-29,710.5
2006-11-30,721.25
2006-12-01,719.75
2006-12-04,716.25
2006-12-05,713.25
2006-12-06,698.25
2006-12-07,703.75
2006-12-08,699.25
2006-12-11,704.75
2006-12-12,699.25
2006-12-13,707.25
2006-12-14,710.5
2006-12-15,712.75
2006-12-18,706.25
2006-12-19,709.0
2006-12-20,710.75
2006-12-21,715.75
2006-12-22,723.75
2006-12-25,
2006-12-26,724.75
2006-12-27,721.5
2006-12-28,721.25
2006-12-29,723.75
2007-01-01,
2007-01-02,723.75
2007-01-03,704.75
2007-01-04,699.25
2007-01-05,702.75
2007-01-08,700.75
2007-01-09,693.25
2007-01-10,690.75
2007-01-11,697.75
2007-01-12,720.25
2007-01-15,
2007-01-16,708.75
2007-01-17,719.0
2007-01-18,715.75
2007-01-19,712.75
2007-01-22,716.75
2007-01-23,729.75
2007-01-24,719.25
2007-01-25,722.5
2007-01-26,717.25
2007-01-29,712.25
2007-01-30,713.5
2007-01-31,721.25
2007-02-01,714.5
2007-02-02,716.5
2007-02-05,712.25
2007-02-06,705.5
2007-02-07,706.5
2007-02-08,710.75
2007-02-09,714.75
2007-02-12,710.25
2007-02-13,713.25
2007-02-14,705.75
2007-02-15,709.25
2007-02-16,722.75
2007-02-19,
2007-02-20,714.25
2007-02-21,726.75
2007-02-22,738.75
2007-02-23,736.0
2007-02-26,733.25
2007-02-27,724.25
2007-02-28,729.25
2007-03-01,721.75
2007-03-02,716.75
2007-03-05,722.75
2007-03-06,716.25
2007-03-07,720.75
2007-03-08,719.25
2007-03-09,718.75
2007-03-12,714.25
2007-03-13,710.25
2007-03-14,707.75
2007-03-15,702.75
2007-03-16,707.75
2007-03-19,704.25
2007-03-20,710.75
2007-03-21,713.0
2007-03-22,715.75
2007-03-23,710.25
2007-03-26,705.75
2007-03-27,703.5
2007-03-28,707.0
2007-03-29,710.25
2007-03-30,690.25
2007-04-02,681.5
2007-04-03,674.25
2007-04-04,684.25
2007-04-05,694.5
2007-04-06,
2007-04-09,698.25
2007-04-10,708.75
2007-04-11,705.25
2007-04-12,709.75
2007-04-13,724.75
2007-04-16,722.25
2007-04-17,721.25
2007-04-18,717.75
2007-04-19,726.25
2007-04-20,732.75
2007-04-23,729.75
2007-04-24,725.25
2007-04-25,743.75
2007-04-26,743.25
2007-04-27,740.75
2007-04-30,728.75
2007-05-01,732.5
2007-05-02,725.5
2007-05-03,726.75
2007-05-04,727.25
2007-05-07,726.25
2007-05-08,714.75
2007-05-09,713.75
2007-05-10,711.5
2007-05-11,723.75
2007-05-14,728.5
2007-05-15,733.75
2007-05-16,729.0
2007-05-17,718.25
2007-05-18,706.25
2007-05-21,714.75
2007-05-22,708.0
2007-05-23,714.0
2007-05-24,726.25
2007-05-25,736.75
2007-05-28,
2007-05-29,728.25
2007-05-30,747.75
2007-05-31,754.75
2007-06-01,758.75
2007-06-04,758.25
2007-06-05,766.25
2007-06-06,759.25
2007-06-07,766.0
2007-06-08,768.25
2007-06-11,795.5
2007-06-12,805.25
2007-06-13,824.75
2007-06-14,833.25
2007-06-15,833.75
2007-06-18,834.5
2007-06-19,813.25
2007-06-20,835.25
2007-06-21,839.75
2007-06-22,824.25
2007-06-25,826.5
2007-06-26,845.75
2007-06-27,840.25
2007-06-28,844.75
2007-06-29,822.25
2007-07-02,809.25
2007-07-03,808.75
2007-07-04,
2007-07-05,827.75
2007-07-06,834.25
2007-07-09,824.75
2007-07-10,827.5
2007-07-11,845.75
2007-07-12,848.5
2007-07-13,847.0
2007-07-16,829.75
2007-07-17,829.0
2007-07-18,854.25
2007-07-19,847.0
2007-07-20,845.25
2007-07-23,849.25
2007-07-24,870.75
2007-07-25,864.25
2007-07-26,880.75
2007-07-27,880.75
2007-07-30,868.5
2007-07-31,860.75
2007-08-01,867.75
2007-08-02,875.25
2007-08-03,880.75
2007-08-06,895.25
2007-08-07,894.25
2007-08-08,912.75
2007-08-09,902.75
2007-08-10,896.25
2007-08-13,902.25
2007-08-14,922.75
2007-08-15,908.75
2007-08-16,899.25
2007-08-17,900.25
2007-08-20,902.75
2007-08-21,915.75
2007-08-22,943.5
2007-08-23,950.75
2007-08-24,953.75
2007-08-27,949.75
2007-08-28,950.0
2007-08-29,970.25
2007-08-30,996.25
2007-08-31,987.25
2007-09-03,
2007-09-04,1017.25
2007-09-05,1047.25
2007-09-06,1035.75
2007-09-07,1055.25
2007-09-10,1072.75
2007-09-11,1102.25
2007-09-12,1072.25
2007-09-13,1056.75
2007-09-14,1057.75
2007-09-17,1086.75
2007-09-18,1080.75
2007-09-19,1085.5
2007-09-20,1096.0
2007-09-21,1114.0
2007-09-24,1123.0
2007-09-25,1122.0
2007-09-26,1129.0
2007-09-27,1157.5
2007-09-28,1170.5
2007-10-01,1181.5
2007-10-02,1151.5
2007-10-03,1160.5
2007-10-04,1168.0
2007-10-05,1177.0
2007-10-08,1152.0
2007-10-09,1152.0
2007-10-10,1158.0
2007-10-11,1177.5
2007-10-12,1173.5
2007-10-15,1164.5
2007-10-16,1163.5
2007-10-17,1159.5
2007-10-18,1170.5
2007-10-19,1183.5
2007-10-22,1188.5
2007-10-23,1173.0
2007-10-24,1153.0
2007-10-25,1157.5
2007-10-26,1172.5
2007-10-29,1186.5
2007-10-30,1172.5
2007-10-31,1166.0
2007-11-01,
2007-11-02,1165.0
2007-11-05,1167.5
2007-11-06,1182.5
2007-11-07,1187.5
2007-11-08,1172.0
2007-11-09,1173.0
2007-11-12,1166.0
2007-11-13,1155.0
2007-11-14,1166.5
2007-11-15,1169.5
2007-11-16,1156.5
2007-11-19,1168.5
2007-11-20,1176.5
2007-11-21,1200.5
2007-11-22,
2007-11-23,1199.0
2007-11-26,1198.5
2007-11-27,1210.5
2007-11-28,1220.75
2007-11-29,1238.0
2007-11-30,1253.5
2007-12-03,1248.5
2007-12-04,1265.25
2007-12-05,1260.5
2007-12-06,1267.5
2007-12-07,1297.25
2007-12-10,1314.0
2007-12-11,1299.5
2007-12-12,1316.5
2007-12-13,1299.0
2007-12-14,1285.0
2007-12-17,1265.5
2007-12-18,1264.0
2007-12-19,1276.5
2007-12-20,1274.0
2007-12-21,1284.0
2007-12-24,1288.0
2007-12-25,
2007-12-26,1298.75
2007-12-27,1289.5
2007-12-28,1271.5
2007-12-31,1267.0
2008-01-01,
2008-01-02,1287.0
2008-01-03,1305.5
2008-01-04,1313.0
2008-01-07,1298.5
2008-01-08,1306.25
2008-01-09,1288.0
2008-01-10,1277.0
2008-01-11,1307.0
2008-01-14,1336.0
2008-01-15,1350.0
2008-01-16,1352.0
2008-01-17,1364.5
2008-01-18,1378.0
2008-01-21,
2008-01-22,1367.0
2008-01-23,1345.0
2008-01-24,1355.0
2008-01-25,1378.5
2008-01-28,1408.5
2008-01-29,1386.0
2008-01-30,1363.0
2008-01-31,1370.0
2008-02-01,1370.75
2008-02-04,1400.75
2008-02-05,1430.75
2008-02-06,1451.5
2008-02-07,1448.0
2008-02-08,1475.5
2008-02-11,1473.5
2008-02-12,1413.5
2008-02-13,1399.0
2008-02-14,1432.0
2008-02-15,1428.0
2008-02-18,
2008-02-19,1450.0
2008-02-20,1445.5
2008-02-21,1462.0
2008-02-22,1478.5
2008-02-25,1538.5
2008-02-26,1628.5
2008-02-27,1629.0
2008-02-28,1549.0
2008-02-29,1500.0
2008-03-03,1513.0
2008-03-04,
2008-03-05,1544.0
2008-03-06,1569.5
2008-03-07,1564.0
2008-03-10,1619.0
2008-03-11,1676.0
2008-03-12,1736.5
2008-03-13,1701.5
2008-03-14,1663.5
2008-03-17,1603.5
2008-03-18,1633.0
2008-03-19,1543.0
2008-03-20,1473.0
2008-03-21,
2008-03-24,1518.5
2008-03-25,1569.5
2008-03-26,1533.0
2008-03-27,1522.0
2008-03-28,1499.0
2008-03-31,1439.0
2008-04-01,1420.5
2008-04-02,1454.5
2008-04-03,1456.0
2008-04-04,1491.5
2008-04-07,1439.0
2008-04-08,1454.0
2008-04-09,1453.0
2008-04-10,1442.25
2008-04-11,1417.0
2008-04-14,1418.0
2008-04-15,1419.0
2008-04-16,1446.5
2008-04-17,1436.0
2008-04-18,1397.0
2008-04-21,1369.5
2008-04-22,1377.0
2008-04-23,1343.5
2008-04-24,1335.75
2008-04-25,1328.0
2008-04-28,1352.5
2008-04-29,1320.25
2008-04-30,1313.5
2008-05-01,
2008-05-02,1322.0
2008-05-05,1318.75
2008-05-06,1331.75
2008-05-07,1321.5
2008-05-08,1335.25
2008-05-09,1318.5
2008-05-12,1319.25
2008-05-13,1309.75
2008-05-14,1278.25
2008-05-15,1285.0
2008-05-16,1288.75
2008-05-19,1304.0
2008-05-20,1297.5
2008-05-21,1293.0
2008-05-22,1261.0
2008-05-23,1268.5
2008-05-26,
2008-05-27,1275.0
2008-05-28,1275.25
2008-05-29,1260.0
2008-05-30,1278.25
2008-06-02,1299.25
2008-06-03,1268.75
2008-06-04,1271.5
2008-06-05,1303.5
2008-06-06,1329.25
2008-06-09,1307.5
2008-06-10,1328.0
2008-06-11,1388.0
2008-06-12,1370.5
2008-06-13,1401.0
2008-06-16,1396.5
2008-06-17,1418.5
2008-06-18,1424.5
2008-06-19,1401.0
2008-06-20,1386.25
2008-06-23,1387.0
2008-06-24,1391.0
2008-06-25,1422.75
2008-06-26,1444.75
2008-06-27,1414.5
2008-06-30,1360.75
2008-07-01,1367.0
2008-07-02,1382.5
2008-07-03,1389.25
2008-07-04,
2008-07-07,1338.0
2008-07-08,1338.75
2008-07-09,1328.25
2008-07-10,1321.25
2008-07-11,1334.0
2008-07-14,1321.25
2008-07-15,1313.75
2008-07-16,1336.25
2008-07-17,1312.75
2008-07-18,1307.5
2008-07-21,1293.75
2008-07-22,1298.75
2008-07-23,1285.75
2008-07-24,1290.25
2008-07-25,1313.5
2008-07-28,1300.75
2008-07-29,1295.5
2008-07-30,1291.5
2008-07-31,1287.75
2008-08-01,1298.0
2008-08-04,1262.75
2008-08-05,1283.75
2008-08-06,1269.75
2008-08-07,1326.0
2008-08-08,1269.25
2008-08-11,1297.5
2008-08-12,1294.25
2008-08-13,1354.25
2008-08-14,1368.5
2008-08-15,1328.25
2008-08-18,1363.75
2008-08-19,1349.25
2008-08-20,1378.5
2008-08-21,1401.25
2008-08-22,1369.5
2008-08-25,1343.75
2008-08-26,1333.5
2008-08-27,1304.75
2008-08-28,1290.0
2008-08-29,1280.25
2008-09-01,
2008-09-02,1245.75
2008-09-03,1253.75
2008-09-04,1256.0
2008-09-05,1230.5
2008-09-08,1222.75
2008-09-09,1209.5
2008-09-10,1204.75
2008-09-11,1205.25
2008-09-12,1198.25
2008-09-15,1206.0
2008-09-16,1169.0
2008-09-17,1204.75
2008-09-18,1171.75
2008-09-19,1196.5
2008-09-22,1218.25
2008-09-23,1231.5
2008-09-24,1209.75
2008-09-25,1214.5
2008-09-26,1195.75
2008-09-29,1150.0
2008-09-30,1164.0
2008-10-01,1154.75
2008-10-02,1120.75
2008-10-03,1123.25
2008-10-06,1074.5
2008-10-07,1083.75
2008-10-08,1088.0
2008-10-09,1088.0
2008-10-10,1045.0
2008-10-13,1068.75
2008-10-14,1055.75
2008-10-15,1037.5
2008-10-16,1034.25
2008-10-17,1047.25
2008-10-20,1043.25
2008-10-21,1031.0
2008-10-22,997.25
2008-10-23,1003.5
2008-10-24,994.75
2008-10-27,1009.25
2008-10-28,995.0
2008-10-29,1042.25
2008-10-30,1021.5
2008-10-31,1020.5
2008-11-03,1046.25
2008-11-04,1059.5
2008-11-05,1024.5
2008-11-06,1010.75
2008-11-07,1010.5
2008-11-10,1010.25
2008-11-11,1015.25
2008-11-12,1026.5
2008-11-13,1032.25
2008-11-14,1046.5
2008-11-17,1024.0
2008-11-18,1017.5
2008-11-19,1013.5
2008-11-20,997.25
2008-11-21,984.75
2008-11-24,1021.25
2008-11-25,1019.25
2008-11-26,1019.75
2008-11-27,
2008-11-28,1024.25
2008-12-01,993.25
2008-12-02,993.5
2008-12-03,983.25
2008-12-04,952.25
2008-12-05,943.0
2008-12-08,958.25
2008-12-09,956.25
2008-12-10,974.75
2008-12-11,971.5
2008-12-12,976.25
2008-12-15,982.0
2008-12-16,1008.0
2008-12-17,1021.75
2008-12-18,1035.25
2008-12-19,1026.75
2008-12-22,1031.75
2008-12-23,1035.5
2008-12-24,1042.75
2008-12-25,
2008-12-26,1060.0
2008-12-29,1052.0
2008-12-30,1064.75
2008-12-31,1069.25
2009-01-01,
2009-01-02,1070.75
2009-01-05,1077.0
2009-01-06,1104.5
2009-01-07,1073.0
2009-01-08,1072.25
2009-01-09,1088.75
2009-01-12,1030.0
2009-01-13,1032.25
2009-01-14,1036.75
2009-01-15,1033.25
2009-01-16,1042.75
2009-01-19,
2009-01-20,1015.25
2009-01-21,1037.0
2009-01-22,1033.0
2009-01-23,1047.75
2009-01-26,1056.75
2009-01-27,1049.5
2009-01-28,1060.25
2009-01-29,1044.0
2009-01-30,1032.0
2009-02-02,1029.5
2009-02-03,1018.0
2009-02-04,1009.75
2009-02-05,1027.25
2009-02-06,1023.75
2009-02-09,1032.25
2009-02-10,1024.5
2009-02-11,1011.0
2009-02-12,1006.25
2009-02-13,1002.75
2009-02-16,
2009-02-17,981.75
2009-02-18,975.25
2009-02-19,985.0
2009-02-20,982.5
2009-02-23,975.25
2009-02-24,980.25
2009-02-25,989.25
2009-02-26,979.25
2009-02-27,976.25
2009-03-02,960.0
2009-03-03,955.75
2009-03-04,976.75
2009-03-05,968.5
2009-03-06,980.0
2009-03-09,976.75
2009-03-10,986.25
2009-03-11,962.5
2009-03-12,980.0
2009-03-13,973.75
2009-03-16,999.5
2009-03-17,1006.75
2009-03-18,985.0
2009-03-19,1009.75
2009-03-20,1005.25
2009-03-23,1004.5
2009-03-24,990.75
2009-03-25,966.25
2009-03-26,972.75
2009-03-27,966.0
2009-03-30,971.0
2009-03-31,990.0
2009-04-01,983.25
2009-04-02,1007.0
2009-04-03,1019.0
2009-04-06,1013.25
2009-04-07,995.5
2009-04-08,989.0
2009-04-09,980.0
2009-04-10,
2009-04-13,980.75
2009-04-14,980.5
2009-04-15,973.25
2009-04-16,982.75
2009-04-17,981.25
2009-04-20,963.25
2009-04-21,967.5
2009-04-22,974.75
2009-04-23,987.25
2009-04-24,989.75
2009-04-27,965.0
2009-04-28,967.75
2009-04-29,978.0
2009-04-30,982.75
2009-05-01,1015.0
2009-05-04,996.5
2009-05-05,999.25
2009-05-06,1004.75
2009-05-07,1016.0
2009-05-08,1035.75
2009-05-11,1035.75
2009-05-12,1038.25
2009-05-13,1034.0
2009-05-14,1038.5
2009-05-15,1022.75
2009-05-18,1035.0
2009-05-19,1033.75
2009-05-20,1042.75
2009-05-21,1038.5
2009-05-22,1057.5
2009-05-25,
2009-05-26,1057.25
2009-05-27,1070.75
2009-05-28,1075.25
2009-05-29,1082.5
2009-06-01,1119.5
2009-06-02,1116.0
2009-06-03,1065.5
2009-06-04,1084.25
2009-06-05,1072.5
2009-06-08,1048.0
2009-06-09,1063.75
2009-06-10,1047.0
2009-06-11,1046.25
2009-06-12,1036.75
2009-06-15,1026.75
2009-06-16,1017.5
2009-06-17,1017.75
2009-06-18,1012.25
2009-06-19,1007.25
2009-06-22,998.0
2009-06-23,997.0
2009-06-24,988.75
2009-06-25,982.75
2009-06-26,983.75
2009-06-29,979.5
2009-06-30,962.25
2009-07-01,958.0
2009-07-02,951.5
2009-07-03,
2009-07-06,941.75
2009-07-07,935.0
2009-07-08,939.75
2009-07-09,945.0
2009-07-10,941.75
2009-07-13,965.5
2009-07-14,953.0
2009-07-15,958.0
2009-07-16,956.0
2009-07-17,964.5
2009-07-20,965.25
2009-07-21,958.0
2009-07-22,945.5
2009-07-23,955.5
2009-07-24,940.0
2009-07-27,944.25
2009-07-28,940.25
2009-07-29,935.5
2009-07-30,940.25
2009-07-31,952.25
2009-08-03,973.75
2009-08-04,966.75
2009-08-05,953.25
2009-08-06,924.75
2009-08-07,913.25
2009-08-10,916.5
2009-08-11,909.0
2009-08-12,914.25
2009-08-13,905.75
2009-08-14,906.0
2009-08-17,896.0
2009-08-18,894.75
2009-08-19,890.0
2009-08-20,893.0
2009-08-21,883.75
2009-08-24,895.75
2009-08-25,895.25
2009-08-26,903.25
2009-08-27,899.5
2009-08-28,891.75
2009-08-31,895.25
2009-09-01,883.75
2009-09-02,882.25
2009-09-03,875.25
2009-09-04,868.25
2009-09-07,
2009-09-08,855.5
2009-09-09,852.75
2009-09-10,855.25
2009-09-11,863.75
2009-09-14,850.5
2009-09-15,867.0
2009-09-16,863.75
2009-09-17,858.25
2009-09-18,853.75
2009-09-21,851.75
2009-09-22,851.0
2009-09-23,854.25
2009-09-24,873.5
2009-09-25,857.5
2009-09-28,860.0
2009-09-29,850.75
2009-09-30,858.0
2009-10-01,851.25
2009-10-02,840.0
2009-10-05,841.0
2009-10-06,857.0
2009-10-07,860.5
2009-10-08,873.25
2009-10-09,869.25
2009-10-12,891.5
2009-10-13,904.25
2009-10-14,909.5
2009-10-15,900.25
2009-10-16,893.25
2009-10-19,911.0
2009-10-20,908.75
2009-10-21,928.5
2009-10-22,935.25
2009-10-23,940.5
2009-10-26,919.75
2009-10-27,897.75
2009-10-28,889.5
2009-10-29,898.25
2009-10-30,888.75
2009-11-02,909.75
2009-11-03,908.75
2009-11-04,913.75
2009-11-05,904.75
2009-11-06,891.25
2009-11-09,914.75
2009-11-10,918.0
2009-11-11,929.75
2009-11-12,929.25
2009-11-13,934.25
2009-11-16,958.5
2009-11-17,968.25
2009-11-18,958.5
2009-11-19,954.25
2009-11-20,951.75
2009-11-23,949.5
2009-11-24,925.75
2009-11-25,943.5
2009-11-26,
2009-11-27,942.5
2009-11-30,961.0
2009-12-01,957.25
2009-12-02,949.0
2009-12-03,945.25
2009-12-04,932.25
2009-12-07,922.5
2009-12-08,914.5
2009-12-09,911.25
2009-12-10,912.25
2009-12-11,913.0
2009-12-14,919.5
2009-12-15,911.25
2009-12-16,914.25
2009-12-17,897.0
2009-12-18,906.25
2009-12-21,898.25
2009-12-22,901.75
2009-12-23,907.5
2009-12-24,903.25
2009-12-25,
2009-12-28,927.25
2009-12-29,919.0
2009-12-30,921.5
2009-12-31,917.75
2010-01-01,
2010-01-04,932.5
2010-01-05,926.0
2010-01-06,939.75
2010-01-07,930.5
2010-01-08,942.25
2010-01-11,946.25
2010-01-12,911.25
2010-01-13,913.75
2010-01-14,904.75
2010-01-15,889.0
2010-01-18,
2010-01-19,881.0
2010-01-20,879.25
2010-01-21,880.25
2010-01-22,879.75
2010-01-25,878.75
2010-01-26,875.75
2010-01-27,866.75
2010-01-28,869.0
2010-01-29,856.25
2010-02-01,858.5
2010-02-02,870.75
2010-02-03,853.75
2010-02-04,860.5
2010-02-05,859.5
2010-02-08,869.25
2010-02-09,867.25
2010-02-10,879.75
2010-02-11,876.5
2010-02-12,869.25
2010-02-15,
2010-02-16,887.0
2010-02-17,877.25
2010-02-18,868.0
2010-02-19,872.25
2010-02-22,882.75
2010-02-23,873.0
2010-02-24,879.75
2010-02-25,870.0
2010-02-26,883.25
2010-03-01,869.25
2010-03-02,869.75
2010-03-03,880.5
2010-03-04,868.0
2010-03-05,860.5
2010-03-08,864.0
2010-03-09,860.0
2010-03-10,852.75
2010-03-11,849.25
2010-03-12,855.0
2010-03-15,849.75
2010-03-16,857.5
2010-03-17,865.75
2010-03-18,858.0
2010-03-19,852.75
2010-03-22,855.5
2010-03-23,849.0
2010-03-24,846.0
2010-03-25,838.0
2010-03-26,836.5
2010-03-29,837.0
2010-03-30,844.5
2010-03-31,823.75
2010-04-01,829.25
2010-04-02,
2010-04-05,828.25
2010-04-06,838.0
2010-04-07,847.5
2010-04-08,842.25
2010-04-09,839.0
2010-04-12,840.75
2010-04-13,848.75
2010-04-14,847.0
2010-04-15,851.0
2010-04-16,860.75
2010-04-19,839.75
2010-04-20,856.75
2010-04-21,857.0
2010-04-22,867.5
2010-04-23,862.25
2010-04-26,846.5
2010-04-27,848.75
2010-04-28,846.5
2010-04-29,853.5
2010-04-30,860.5
2010-05-03,859.75
2010-05-04,867.75
2010-05-05,869.0
2010-05-06,865.0
2010-05-07,867.75
2010-05-10,853.25
2010-05-11,854.5
2010-05-12,852.75
2010-05-13,841.0
2010-05-14,834.25
2010-05-17,832.25
2010-05-18,831.25
2010-05-19,831.75
2010-05-20,831.75
2010-05-21,834.75
2010-05-24,831.25
2010-05-25,823.5
2010-05-26,824.75
2010-05-27,829.75
2010-05-28,820.25
2010-05-31,
2010-06-01,813.5
2010-06-02,806.25
2010-06-03,805.5
2010-06-04,798.25
2010-06-07,794.75
2010-06-08,794.25
2010-06-09,789.75
2010-06-10,794.5
2010-06-11,800.25
2010-06-14,808.75
2010-06-15,808.75
2010-06-16,819.25
2010-06-17,823.5
2010-06-18,823.5
2010-06-21,822.0
2010-06-22,819.0
2010-06-23,817.25
2010-06-24,819.0
2010-06-25,812.25
2010-06-28,808.5
2010-06-29,800.0
2010-06-30,821.25
2010-07-01,839.0
2010-07-02,843.75
2010-07-05,
2010-07-06,850.25
2010-07-07,874.0
2010-07-08,891.75
2010-07-09,881.25
2010-07-12,879.0
2010-07-13,893.0
2010-07-14,903.0
2010-07-15,939.25
2010-07-16,930.75
2010-07-19,926.25
2010-07-20,921.75
2010-07-21,933.5
2010-07-22,942.25
2010-07-23,942.0
2010-07-26,935.75
2010-07-27,941.75
2010-07-28,961.75
2010-07-29,974.25
2010-07-30,1008.5
2010-08-02,1038.25
2010-08-03,1024.5
2010-08-04,1070.25
2010-08-05,1130.0
2010-08-06,1070.0
2010-08-09,1058.5
2010-08-10,1041.5
2010-08-11,1039.75
2010-08-12,1058.5
2010-08-13,1049.0
2010-08-16,1011.0
2010-08-17,998.5
2010-08-18,1003.5
2010-08-19,1029.0
2010-08-20,1026.75
2010-08-23,1040.25
2010-08-24,1022.5
2010-08-25,995.25
2010-08-26,1003.25
2010-08-27,1009.75
2010-08-30,1019.25
2010-08-31,1000.5
2010-09-01,1023.5
2010-09-02,1028.5
2010-09-03,1056.0
2010-09-06,
2010-09-07,1050.0
2010-09-08,1025.75
2010-09-09,1052.75
2010-09-10,1051.5
2010-09-13,1059.75
2010-09-14,1050.75
2010-09-15,1041.5
2010-09-16,1034.0
2010-09-17,1054.0
2010-09-20,1046.5
2010-09-21,1041.0
2010-09-22,1041.25
2010-09-23,1030.5
2010-09-24,1047.0
2010-09-27,1039.75
2010-09-28,1021.5
2010-09-29,1024.75
2010-09-30,1020.75
2010-10-01,1011.75
2010-10-04,1006.5
2010-10-05,1023.25
2010-10-06,1017.75
2010-10-07,1022.0
2010-10-08,1073.0
2010-10-11,1068.5
2010-10-12,1065.25
2010-10-13,1058.25
2010-10-14,1064.0
2010-10-15,1074.25
2010-10-18,1068.0
2010-10-19,1056.75
2010-10-20,1064.25
2010-10-21,1050.75
2010-10-22,1051.0
2010-10-25,1068.0
2010-10-26,1081.5
2010-10-27,1087.5
2010-10-28,1102.0
2010-10-29,1099.5
2010-11-01,1092.25
2010-11-02,1086.5
2010-11-03,1086.0
2010-11-04,1106.5
2010-11-05,1121.5
2010-11-08,1124.5
2010-11-09,1116.0
2010-11-10,1110.75
2010-11-11,1104.75
2010-11-12,1066.75
2010-11-15,1070.25
2010-11-16,1021.5
2010-11-17,1028.75
2010-11-18,1040.0
2010-11-19,1041.75
2010-11-22,1042.0
2010-11-23,1039.25
2010-11-24,1043.75
2010-11-25,
2010-11-26,1048.0
2010-11-29,1052.0
2010-11-30,1052.0
2010-12-01,1096.0
2010-12-02,1089.5
2010-12-03,1093.0
2010-12-06,1106.75
2010-12-07,1106.5
2010-12-08,1109.25
2010-12-09,1117.75
2010-12-10,1110.5
2010-12-13,1126.0
2010-12-14,1109.5
2010-12-15,1107.0
2010-12-16,1102.0
2010-12-17,1108.75
2010-12-20,1119.5
2010-12-21,1118.5
2010-12-22,1134.25
2010-12-23,1134.75
2010-12-24,
2010-12-27,1129.75
2010-12-28,1143.25
2010-12-29,1143.0
2010-12-30,1134.5
2010-12-31,1139.25
2011-01-03,1148.5
2011-01-04,1138.75
2011-01-05,1159.75
2011-01-06,1144.5
2011-01-07,1135.75
2011-01-10,1133.0
2011-01-11,1125.25
2011-01-12,1143.0
2011-01-13,1160.0
2011-01-14,1149.0
2011-01-17,
2011-01-18,1164.5
2011-01-19,1165.25
2011-01-20,1168.5
2011-01-21,1179.75
2011-01-24,1189.75
2011-01-25,1192.0
2011-01-26,1211.75
2011-01-27,1207.5
2011-01-28,1190.25
2011-01-31,1203.0
2011-02-01,1203.75
2011-02-02,1232.0
2011-02-03,1230.75
2011-02-04,1228.0
2011-02-07,1238.25
2011-02-08,1253.75
2011-02-09,1266.5
2011-02-10,1243.25
2011-02-11,1247.25
2011-02-14,1251.5
2011-02-15,1221.5
2011-02-16,1218.0
2011-02-17,1234.5
2011-02-18,1212.0
2011-02-21,
2011-02-22,1155.5
2011-02-23,1163.75
2011-02-24,1147.75
2011-02-25,1172.75
2011-02-28,1183.75
2011-03-01,1173.25
2011-03-02,1169.0
2011-03-03,1180.75
2011-03-04,1186.75
2011-03-07,1164.0
2011-03-08,1149.75
2011-03-09,1132.75
2011-03-10,1116.5
2011-03-11,1096.5
2011-03-14,1098.25
2011-03-15,1048.0
2011-03-16,1047.25
2011-03-17,1096.0
2011-03-18,1110.5
2011-03-21,1109.75
2011-03-22,1109.25
2011-03-23,1101.0
2011-03-24,1123.75
2011-03-25,1117.25
2011-03-28,1109.25
2011-03-29,1119.75
2011-03-30,1112.5
2011-03-31,1150.25
2011-04-01,1147.25
2011-04-04,1179.25
2011-04-05,1174.25
2011-04-06,1170.75
2011-04-07,1158.75
2011-04-08,1180.25
2011-04-11,1176.75
2011-04-12,1144.25
2011-04-13,1142.25
2011-04-14,1129.25
2011-04-15,1131.75
2011-04-18,1160.25
2011-04-19,1176.5
2011-04-20,1180.0
2011-04-21,1195.0
2011-04-22,
2011-04-25,1220.75
2011-04-26,1211.0
2011-04-27,1180.0
2011-04-28,1148.25
2011-04-29,1171.75
2011-05-02,1161.75
2011-05-03,1160.5
2011-05-04,1138.0
2011-05-05,1125.25
2011-05-06,1133.25
2011-05-09,1162.5
2011-05-10,1171.5
2011-05-11,1140.5
2011-05-12,1122.0
2011-05-13,1118.75
2011-05-16,1124.5
2011-05-17,1142.0
2011-05-18,1186.5
2011-05-19,1184.75
2011-05-20,1176.75
2011-05-23,1182.0
2011-05-24,1162.5
2011-05-25,1179.5
2011-05-26,1190.75
2011-05-27,1193.0
2011-05-30,
2011-05-31,1165.75
2011-06-01,1143.75
2011-06-02,1155.25
2011-06-03,1154.75
2011-06-06,1126.75
2011-06-07,1120.75
2011-06-08,1133.25
2011-06-09,1121.5
2011-06-10,1109.5
2011-06-13,1100.25
2011-06-14,1086.25
2011-06-15,1063.5
2011-06-16,1037.5
2011-06-17,1037.0
2011-06-20,1029.0
2011-06-21,1038.0
2011-06-22,1003.25
2011-06-23,998.0
2011-06-24,989.25
2011-06-27,979.5
2011-06-28,998.75
2011-06-29,1001.25
2011-06-30,941.25
2011-07-01,943.75
2011-07-04,
2011-07-05,964.5
2011-07-06,955.5
2011-07-07,959.25
2011-07-08,974.25
2011-07-11,957.75
2011-07-12,989.0
2011-07-13,1026.5
2011-07-14,1021.75
2011-07-15,1007.25
2011-07-18,1002.0
2011-07-19,1010.5
2011-07-20,1019.0
2011-07-21,1000.5
2011-07-22,1014.75
2011-07-25,1012.75
2011-07-26,1018.25
2011-07-27,1029.0
2011-07-28,1018.75
2011-07-29,999.5
2011-08-01,1004.5
2011-08-02,1042.5
2011-08-03,1033.75
2011-08-04,1009.25
2011-08-05,1006.75
2011-08-08,978.5
2011-08-09,987.5
2011-08-10,1003.0
2011-08-11,1016.75
2011-08-12,1016.0
2011-08-15,1025.25
2011-08-16,1035.75
2011-08-17,1041.75
2011-08-18,1023.0
2011-08-19,1045.0
2011-08-22,1049.75
2011-08-23,1068.25
2011-08-24,1061.0
2011-08-25,1071.5
2011-08-26,1080.75
2011-08-29,1078.75
2011-08-30,1074.5
2011-08-31,1075.25
2011-09-01,1044.75
2011-09-02,1059.25
2011-09-05,
2011-09-06,1043.75
2011-09-07,1035.25
2011-09-08,1021.75
2011-09-09,1013.5
2011-09-12,1011.0
2011-09-13,985.75
2011-09-14,988.25
2011-09-15,979.75
2011-09-16,972.0
2011-09-19,956.75
2011-09-20,958.5
2011-09-21,947.0
2011-09-22,911.5
2011-09-23,917.75
2011-09-26,924.5
2011-09-27,934.25
2011-09-28,915.0
2011-09-29,928.5
2011-09-30,903.0
2011-10-03,924.25
2011-10-04,909.25
2011-10-05,924.5
2011-10-06,917.75
2011-10-07,908.5
2011-10-10,914.75
2011-10-11,952.25
2011-10-12,927.5
2011-10-13,918.75
2011-10-14,917.0
2011-10-17,915.75
2011-10-18,918.75
2011-10-19,913.5
2011-10-20,922.0
2011-10-21,917.25
2011-10-24,930.75
2011-10-25,935.0
2011-10-26,919.25
2011-10-27,942.75
2011-10-28,948.25
2011-10-31,935.25
2011-11-01,936.25
2011-11-02,929.25
2011-11-03,935.75
2011-11-04,930.5
2011-11-07,937.25
2011-11-08,947.75
2011-11-09,924.5
2011-11-10,914.25
2011-11-11,915.75
2011-11-14,904.75
2011-11-15,913.0
2011-11-16,903.75
2011-11-17,870.25
2011-11-18,870.75
2011-11-21,867.75
2011-11-22,861.25
2011-11-23,851.5
2011-11-24,
2011-11-25,843.75
2011-11-28,847.25
2011-11-29,866.5
2011-11-30,866.75
2011-12-01,872.0
2011-12-02,879.25
2011-12-05,866.75
2011-12-06,872.25
2011-12-07,863.25
2011-12-08,860.75
2011-12-09,857.75
2011-12-12,851.25
2011-12-13,856.5
2011-12-14,840.0
2011-12-15,844.25
2011-12-16,848.75
2011-12-19,862.5
2011-12-20,868.75
2011-12-21,877.5
2011-12-22,880.25
2011-12-23,878.5
2011-12-26,
2011-12-27,897.75
2011-12-28,903.0
2011-12-29,900.0
2011-12-30,906.75
2012-01-02,
2012-01-03,913.5
2012-01-04,908.5
2012-01-05,889.75
2012-01-06,884.5
2012-01-09,901.0
2012-01-10,901.0
2012-01-11,902.0
2012-01-12,876.75
2012-01-13,873.5
2012-01-16,
2012-01-17,876.25
2012-01-18,860.5
2012-01-19,863.0
2012-01-20,866.5
2012-01-23,879.0
2012-01-24,888.0
2012-01-25,890.0
2012-01-26,897.75
2012-01-27,895.25
2012-01-30,890.25
2012-01-31,907.25
2012-02-01,913.25
2012-02-02,911.5
2012-02-03,910.0
2012-02-06,913.25
2012-02-07,905.5
2012-02-08,899.0
2012-02-09,892.0
2012-02-10,869.25
2012-02-13,880.25
2012-02-14,872.0
2012-02-15,870.25
2012-02-16,870.5
2012-02-17,881.5
2012-02-20,
2012-02-21,876.75
2012-02-22,883.75
2012-02-23,878.5
2012-02-24,874.75
2012-02-27,882.25
2012-02-28,896.5
2012-02-29,900.25
2012-03-01,893.75
2012-03-02,903.25
2012-03-05,899.0
2012-03-06,886.25
2012-03-07,874.0
2012-03-08,870.0
2012-03-09,878.25
2012-03-12,883.25
2012-03-13,879.5
2012-03-14,876.25
2012-03-15,890.5
2012-03-16,894.0
2012-03-19,882.0
2012-03-20,873.5
2012-03-21,867.75
2012-03-22,876.5
2012-03-23,885.25
2012-03-26,891.25
2012-03-27,876.75
2012-03-28,868.0
2012-03-29,853.5
2012-03-30,898.75
2012-04-02,894.25
2012-04-03,891.75
2012-04-04,872.25
2012-04-05,867.5
2012-04-06,
2012-04-09,871.25
2012-04-10,856.5
2012-04-11,859.75
2012-04-12,864.25
2012-04-13,852.0
2012-04-16,842.0
2012-04-17,842.5
2012-04-18,841.25
2012-04-19,854.0
2012-04-20,848.5
2012-04-23,858.75
2012-04-24,858.0
2012-04-25,852.5
2012-04-26,858.5
2012-04-27,871.0
2012-04-30,874.75
2012-05-01,866.5
2012-05-02,840.5
2012-05-03,843.5
2012-05-04,834.75
2012-05-07,837.75
2012-05-08,839.25
2012-05-09,825.75
2012-05-10,827.5
2012-05-11,822.25
2012-05-14,822.0
2012-05-15,830.5
2012-05-16,857.75
2012-05-17,875.5
2012-05-18,906.75
2012-05-21,916.0
2012-05-22,903.25
2012-05-23,887.25
2012-05-24,886.75
2012-05-25,902.25
2012-05-28,
2012-05-29,881.75
2012-05-30,878.5
2012-05-31,871.0
2012-06-01,843.5
2012-06-04,859.25
2012-06-05,843.75
2012-06-06,851.75
2012-06-07,869.0
2012-06-08,859.5
2012-06-11,858.5
2012-06-12,846.25
2012-06-13,846.25
2012-06-14,853.25
2012-06-15,838.0
2012-06-18,859.25
2012-06-19,880.25
2012-06-20,892.75
2012-06-21,887.0
2012-06-22,893.5
2012-06-25,946.0
2012-06-26,953.0
2012-06-27,959.0
2012-06-28,953.5
2012-06-29,963.5
2012-07-02,977.5
2012-07-03,1000.5
2012-07-04,
2012-07-05,1033.75
2012-07-06,1008.5
2012-07-09,1030.5
2012-07-10,1022.0
2012-07-11,1025.0
2012-07-12,1046.5
2012-07-13,1049.25
2012-07-16,1084.5
2012-07-17,1084.0
2012-07-18,1099.25
2012-07-19,1121.25
2012-07-20,1135.0
2012-07-23,1105.75
2012-07-24,1075.0
2012-07-25,1101.75
2012-07-26,1084.0
2012-07-27,1098.0
2012-07-30,1114.0
2012-07-31,1089.25
2012-08-01,1080.5
2012-08-02,1066.25
2012-08-03,1090.5
2012-08-06,1093.0
2012-08-07,1089.5
2012-08-08,1100.25
2012-08-09,1113.75
2012-08-10,1088.0
2012-08-13,1062.5
2012-08-14,1045.0
2012-08-15,1053.0
2012-08-16,1068.5
2012-08-17,1081.25
2012-08-20,1089.5
2012-08-21,1108.75
2012-08-22,1103.75
2012-08-23,1081.5
2012-08-24,1075.25
2012-08-27,1068.0
2012-08-28,1062.25
2012-08-29,1092.5
2012-08-30,1089.75
2012-08-31,1076.25
2012-09-03,
2012-09-04,1075.5
2012-09-05,1054.5
2012-09-06,1078.5
2012-09-07,1091.75
2012-09-10,1076.5
2012-09-11,1070.5
2012-09-12,1076.75
2012-09-13,1088.75
2012-09-14,1111.0
2012-09-17,1064.75
2012-09-18,1050.25
2012-09-19,1070.0
2012-09-20,1067.0
2012-09-21,1075.0
2012-09-24,1066.75
2012-09-25,1066.25
2012-09-26,1052.25
2012-09-27,1043.0
2012-09-28,1071.0
2012-10-01,1061.75
2012-10-02,1058.0
2012-10-03,1061.0
2012-10-04,1052.25
2012-10-05,1051.25
2012-10-08,1053.0
2012-10-09,1053.0
2012-10-10,1053.5
2012-10-11,1068.0
2012-10-12,1049.25
2012-10-15,1043.0
2012-10-16,1043.25
2012-10-17,1046.25
2012-10-18,1054.75
2012-10-19,1056.5
2012-10-22,1066.75
2012-10-23,1062.5
2012-10-24,1077.5
2012-10-25,1079.0
2012-10-26,1076.75
2012-10-29,1074.25
2012-10-30,1081.0
2012-10-31,1085.0
2012-11-01,1088.0
2012-11-02,1086.0
2012-11-05,1086.75
2012-11-06,1092.0
2012-11-07,1101.75
2012-11-08,1106.25
2012-11-09,1099.0
2012-11-12,1071.0
2012-11-13,1066.5
2012-11-14,1069.75
2012-11-15,1064.25
2012-11-16,1054.75
2012-11-19,1061.0
2012-11-20,1063.0
2012-11-21,1061.75
2012-11-22,
2012-11-23,1065.0
2012-11-26,1069.5
2012-11-27,1091.25
2012-11-28,1094.75
2012-11-29,1095.5
2012-11-30,1082.75
2012-12-03,1080.5
2012-12-04,1080.25
2012-12-05,1083.0
2012-12-06,1087.25
2012-12-07,1087.5
2012-12-10,1084.25
2012-12-11,1061.75
2012-12-12,1054.25
2012-12-13,1054.0
2012-12-14,1055.75
2012-12-17,1049.5
2012-12-18,1049.25
2012-12-19,1041.5
2012-12-20,1026.75
2012-12-21,1029.0
2012-12-24,1031.5
2012-12-25,
2012-12-26,1013.25
2012-12-27,1012.75
2012-12-28,1017.25
2012-12-31,1017.0
2013-01-01,
2013-01-02,997.5
2013-01-03,993.25
2013-01-04,983.75
2013-01-07,991.25
2013-01-08,989.0
2013-01-09,982.75
2013-01-10,982.0
2013-01-11,986.75
2013-01-14,995.0
2013-01-15,1011.5
2013-01-16,1014.5
2013-01-17,1013.5
2013-01-18,1023.0
2013-01-21,
2013-01-22,1014.0
2013-01-23,1010.5
2013-01-24,1003.0
2013-01-25,1007.25
2013-01-28,1010.5
2013-01-29,1008.75
2013-01-30,1016.25
2013-01-31,1011.25
2013-02-01,1000.25
2013-02-04,998.5
2013-02-05,992.25
2013-02-06,992.75
2013-02-07,980.5
2013-02-08,980.75
2013-02-11,967.75
2013-02-12,961.25
2013-02-13,965.25
2013-02-14,963.25
2013-02-15,968.5
2013-02-18,
2013-02-19,959.5
2013-02-20,964.75
2013-02-21,946.25
2013-02-22,942.75
2013-02-25,929.75
2013-02-26,934.25
2013-02-27,935.0
2013-02-28,935.75
2013-03-01,938.75
2013-03-04,921.5
2013-03-05,927.75
2013-03-06,908.0
2013-03-07,916.75
2013-03-08,914.5
2013-03-11,917.75
2013-03-12,920.25
2013-03-13,923.5
2013-03-14,932.75
2013-03-15,935.25
2013-03-18,929.0
2013-03-19,934.75
2013-03-20,946.5
2013-03-21,940.5
2013-03-22,942.5
2013-03-25,943.75
2013-03-26,946.5
2013-03-27,949.5
2013-03-28,909.5
2013-03-29,
2013-04-01,889.0
2013-04-02,900.0
2013-04-03,921.25
2013-04-04,918.25
2013-04-05,921.25
2013-04-08,934.25
2013-04-09,930.75
2013-04-10,922.5
2013-04-11,920.0
2013-04-12,935.0
2013-04-15,915.75
2013-04-16,923.25
2013-04-17,923.75
2013-04-18,923.75
2013-04-19,927.75
2013-04-22,920.5
2013-04-23,913.25
2013-04-24,909.75
2013-04-25,922.25
2013-04-26,912.0
2013-04-29,936.0
2013-04-30,950.0
2013-05-01,941.25
2013-05-02,948.5
2013-05-03,941.5
2013-05-06,925.0
2013-05-07,932.0
2013-05-08,929.0
2013-05-09,944.5
2013-05-10,926.25
2013-05-13,931.25
2013-05-14,931.75
2013-05-15,914.75
2013-05-16,909.25
2013-05-17,903.75
2013-05-20,904.75
2013-05-21,899.75
2013-05-22,906.75
2013-05-23,919.25
2013-05-24,914.25
2013-05-27,
2013-05-28,914.0
2013-05-29,923.5
2013-05-30,919.75
2013-05-31,926.25
2013-06-03,929.0
2013-06-04,928.0
2013-06-05,919.0
2013-06-06,916.75
2013-06-07,915.5
2013-06-10,910.0
2013-06-11,915.75
2013-06-12,901.5
2013-06-13,903.0
2013-06-14,897.75
2013-06-17,897.25
2013-06-18,904.25
2013-06-19,923.25
2013-06-20,916.0
2013-06-21,913.25
2013-06-24,898.25
2013-06-25,895.75
2013-06-26,888.5
2013-06-27,885.25
2013-06-28,867.75
2013-07-01,865.5
2013-07-02,867.5
2013-07-03,873.75
2013-07-04,
2013-07-05,866.75
2013-07-08,871.0
2013-07-09,886.75
2013-07-10,889.0
2013-07-11,892.75
2013-07-12,890.0
2013-07-15,878.5
2013-07-16,878.75
2013-07-17,874.0
2013-07-18,869.25
2013-07-19,871.5
2013-07-22,867.5
2013-07-23,861.75
2013-07-24,860.25
2013-07-25,857.0
2013-07-26,857.75
2013-07-29,859.5
2013-07-30,864.0
2013-07-31,873.25
2013-08-01,866.75
2013-08-02,869.25
2013-08-05,854.0
2013-08-06,859.0
2013-08-07,852.5
2013-08-08,850.0
2013-08-09,843.5
2013-08-12,845.25
2013-08-13,837.75
2013-08-14,839.0
2013-08-15,845.75
2013-08-16,839.75
2013-08-19,849.75
2013-08-20,842.25
2013-08-21,845.5
2013-08-22,836.75
2013-08-23,842.25
2013-08-26,863.0
2013-08-27,860.0
2013-08-28,855.75
2013-08-29,850.5
2013-08-30,850.25
2013-09-02,
2013-09-03,843.5
2013-09-04,842.5
2013-09-05,836.5
2013-09-06,844.0
2013-09-09,837.5
2013-09-10,842.75
2013-09-11,844.25
2013-09-12,849.25
2013-09-13,837.75
2013-09-16,837.5
2013-09-17,839.25
2013-09-18,842.75
2013-09-19,853.25
2013-09-20,842.5
2013-09-23,849.75
2013-09-24,854.5
2013-09-25,866.75
2013-09-26,874.5
2013-09-27,879.25
2013-09-30,874.75
2013-10-01,877.5
2013-10-02,882.25
2013-10-03,885.5
2013-10-04,883.25
2013-10-07,891.0
2013-10-08,889.75
2013-10-09,886.75
2013-10-10,881.75
2013-10-11,888.5
2013-10-14,888.75
2013-10-15,882.0
2013-10-16,877.75
2013-10-17,882.25
2013-10-18,902.0
2013-10-21,896.0
2013-10-22,897.0
2013-10-23,898.0
2013-10-24,892.75
2013-10-25,887.0
2013-10-28,877.25
2013-10-29,877.5
2013-10-30,871.25
2013-10-31,863.75
2013-11-01,864.0
2013-11-04,859.0
2013-11-05,852.25
2013-11-06,849.5
2013-11-07,849.25
2013-11-08,846.0
2013-11-11,842.5
2013-11-12,841.5
2013-11-13,841.75
2013-11-14,841.0
2013-11-15,840.75
2013-11-18,838.5
2013-11-19,846.5
2013-11-20,843.5
2013-11-21,845.0
2013-11-22,845.75
2013-11-25,848.75
2013-11-26,842.75
2013-11-27,847.5
2013-11-28,
2013-11-29,851.25
2013-12-02,846.0
2013-12-03,850.0
2013-12-04,846.5
2013-12-05,838.25
2013-12-06,839.0
2013-12-09,838.5
2013-12-10,829.25
2013-12-11,834.25
2013-12-12,830.25
2013-12-13,825.0
2013-12-16,816.75
2013-12-17,815.25
2013-12-18,810.0
2013-12-19,808.75
2013-12-20,812.0
2013-12-23,807.25
2013-12-24,805.25
2013-12-25,
2013-12-26,806.25
2013-12-27,809.0
2013-12-30,801.0
2013-12-31,805.5
2014-01-01,
2014-01-02,797.25
2014-01-03,802.75
2014-01-06,802.75
2014-01-07,799.5
2014-01-08,786.5
2014-01-09,782.75
2014-01-10,769.5
2014-01-13,775.75
2014-01-14,780.25
2014-01-15,768.25
2014-01-16,772.75
2014-01-17,763.5
2014-01-20,
2014-01-21,762.5
2014-01-22,760.75
2014-01-23,768.25
2014-01-24,763.75
2014-01-27,761.5
2014-01-28,762.5
2014-01-29,745.25
2014-01-30,745.5
2014-01-31,747.75
2014-02-03,754.75
2014-02-04,776.25
2014-02-05,779.25
2014-02-06,772.0
2014-02-07,769.75
2014-02-10,776.0
2014-02-11,779.5
2014-02-12,777.0
2014-02-13,783.75
2014-02-14,786.0
2014-02-17,
2014-02-18,796.5
2014-02-19,802.5
2014-02-20,803.25
2014-02-21,795.5
2014-02-24,807.0
2014-02-25,810.0
2014-02-26,797.0
2014-02-27,781.25
2014-02-28,794.0
2014-03-03,820.25
2014-03-04,831.75
2014-03-05,830.75
2014-03-06,833.75
2014-03-07,843.0
2014-03-10,830.5
2014-03-11,849.0
2014-03-12,872.0
2014-03-13,861.25
2014-03-14,872.75
2014-03-17,861.0
2014-03-18,877.0
2014-03-19,897.5
2014-03-20,886.0
2014-03-21,877.0
2014-03-24,897.5
2014-03-25,893.25
2014-03-26,884.25
2014-03-27,897.25
2014-03-28,881.25
2014-03-31,883.0
2014-04-01,874.5
2014-04-02,860.0
2014-04-03,867.0
2014-04-04,863.5
2014-04-07,871.5
2014-04-08,877.0
2014-04-09,865.5
2014-04-10,858.5
2014-04-11,856.5
2014-04-14,874.0
2014-04-15,896.0
2014-04-16,881.5
2014-04-17,886.0
2014-04-18,
2014-04-21,863.5
2014-04-22,868.0
2014-04-23,870.5
2014-04-24,884.5
2014-04-25,895.0
2014-04-28,895.5
2014-04-29,901.0
2014-04-30,907.75
2014-05-01,894.75
2014-05-02,902.75
2014-05-05,914.75
2014-05-06,926.0
2014-05-07,924.75
2014-05-08,922.25
2014-05-09,910.25
2014-05-12,904.25
2014-05-13,898.25
2014-05-14,880.0
2014-05-15,867.75
2014-05-16,863.75
2014-05-19,864.75
2014-05-20,862.0
2014-05-21,857.25
2014-05-22,853.25
2014-05-23,847.25
2014-05-26,
2014-05-27,837.5
2014-05-28,835.0
2014-05-29,828.75
2014-05-30,825.5
2014-06-02,819.25
2014-06-03,810.25
2014-06-04,811.5
2014-06-05,802.0
2014-06-06,816.0
2014-06-09,813.25
2014-06-10,802.0
2014-06-11,791.25
2014-06-12,786.0
2014-06-13,782.0
2014-06-16,776.25
2014-06-17,777.0
2014-06-18,782.75
2014-06-19,788.75
2014-06-20,780.75
2014-06-23,777.25
2014-06-24,767.5
2014-06-25,771.0
2014-06-26,769.0
2014-06-27,777.75
2014-06-30,763.25
2014-07-01,760.0
2014-07-02,763.25
2014-07-03,768.75
2014-07-04,
2014-07-07,745.5
2014-07-08,745.25
2014-07-09,740.0
2014-07-10,735.5
2014-07-11,712.75
2014-07-14,725.5
2014-07-15,726.0
2014-07-16,727.0
2014-07-17,738.5
2014-07-18,721.25
2014-07-21,719.25
2014-07-22,713.75
2014-07-23,719.5
2014-07-24,715.25
2014-07-25,724.75
2014-07-28,722.75
2014-07-29,708.75
2014-07-30,714.5
2014-07-31,715.25
2014-08-01,718.25
2014-08-04,729.5
2014-08-05,737.75
2014-08-06,751.75
2014-08-07,744.0
2014-08-08,731.0
2014-08-11,727.75
2014-08-12,716.25
2014-08-13,710.5
2014-08-14,717.75
2014-08-15,728.5
2014-08-18,719.25
2014-08-19,723.5
2014-08-20,715.0
2014-08-21,720.5
2014-08-22,727.25
2014-08-25,719.5
2014-08-26,721.5
2014-08-27,727.25
2014-08-28,736.75
2014-08-29,728.5
2014-09-01,
2014-09-02,720.0
2014-09-03,700.5
2014-09-04,695.5
2014-09-05,700.25
2014-09-08,698.5
2014-09-09,692.5
2014-09-10,684.75
2014-09-11,674.5
2014-09-12,667.5
2014-09-15,665.75
2014-09-16,661.25
2014-09-17,664.25
2014-09-18,653.5
2014-09-19,639.5
2014-09-22,641.75
2014-09-23,641.0
2014-09-24,645.25
2014-09-25,639.0
2014-09-26,639.25
2014-09-29,646.25
2014-09-30,642.75
2014-10-01,644.0
2014-10-02,647.75
2014-10-03,650.75
2014-10-06,656.5
2014-10-07,671.25
2014-10-08,672.75
2014-10-09,658.25
2014-10-10,663.5
2014-10-13,670.25
2014-10-14,674.25
2014-10-15,671.0
2014-10-16,682.0
2014-10-17,680.25
2014-10-20,678.25
2014-10-21,684.75
2014-10-22,687.75
2014-10-23,693.25
2014-10-24,684.5
2014-10-27,690.0
2014-10-28,698.75
2014-10-29,704.5
2014-10-30,703.5
2014-10-31,699.0
2014-11-03,702.75
2014-11-04,694.0
2014-11-05,688.75
2014-11-06,685.0
2014-11-07,679.25
2014-11-10,680.25
2014-11-11,683.0
2014-11-12,698.25
2014-11-13,705.0
2014-11-14,711.5
2014-11-17,703.25
2014-11-18,700.25
2014-11-19,690.25
2014-11-20,701.0
2014-11-21,702.0
2014-11-24,699.0
2014-11-25,705.0
2014-11-26,708.5
2014-11-27,
2014-11-28,722.5
2014-12-01,748.5
2014-12-02,745.5
2014-12-03,732.5
2014-12-04,733.5
2014-12-05,736.0
2014-12-08,737.5
2014-12-09,727.0
2014-12-10,724.0
2014-12-11,738.5
2014-12-12,743.0
2014-12-15,754.5
2014-12-16,759.0
2014-12-17,779.0
2014-12-18,786.0
2014-12-19,766.5
2014-12-22,762.5
2014-12-23,769.5
2014-12-24,749.5
2014-12-25,
2014-12-26,749.5
2014-12-29,753.0
2014-12-30,741.5
2014-12-31,730.5
2015-01-01,
2015-01-02,722.5
2015-01-05,728.5
2015-01-06,731.0
2015-01-07,721.0
2015-01-08,710.5
2015-01-09,705.5
2015-01-12,698.5
2015-01-13,692.5
2015-01-14,680.5
2015-01-15,675.5
2015-01-16,673.5
2015-01-19,
2015-01-20,679.5
2015-01-21,678.0
2015-01-22,676.5
2015-01-23,671.5
2015-01-26,665.5
2015-01-27,665.0
2015-01-28,653.5
2015-01-29,653.5
2015-01-30,648.5
2015-02-02,639.5
2015-02-03,659.5
2015-02-04,655.0
2015-02-05,665.0
2015-02-06,666.5
2015-02-09,669.5
2015-02-10,663.0
2015-02-11,664.0
2015-02-12,659.5
2015-02-13,668.0
2015-02-16,
2015-02-17,671.5
2015-02-18,662.5
2015-02-19,658.0
2015-02-20,647.5
2015-02-23,646.0
2015-02-24,646.0
2015-02-25,640.0
2015-02-26,643.0
2015-02-27,654.0
2015-03-02,642.0
2015-03-03,648.0
2015-03-04,644.0
2015-03-05,631.0
2015-03-06,626.5
2015-03-09,634.0
2015-03-10,637.5
2015-03-11,640.5
2015-03-12,647.5
2015-03-13,642.0
2015-03-16,655.25
2015-03-17,646.75
2015-03-18,654.5
2015-03-19,654.5
2015-03-20,672.0
2015-03-23,676.25
2015-03-24,668.0
2015-03-25,664.0
2015-03-26,644.75
2015-03-27,651.0
2015-03-30,671.25
2015-03-31,653.25
2015-04-01,668.0
2015-04-02,674.25
2015-04-03,
2015-04-06,666.0
2015-04-07,662.75
2015-04-08,662.5
2015-04-09,656.0
2015-04-10,662.5
2015-04-13,639.5
2015-04-14,636.25
2015-04-15,628.75
2015-04-16,630.75
2015-04-17,629.25
2015-04-20,638.0
2015-04-21,640.25
2015-04-22,639.5
2015-04-23,643.25
2015-04-24,631.0
2015-04-27,616.25
2015-04-28,619.25
2015-04-29,627.5
2015-04-30,618.25
2015-05-01,616.75
2015-05-04,614.25
2015-05-05,607.25
2015-05-06,620.0
2015-05-07,613.75
2015-05-08,622.25
2015-05-11,621.0
2015-05-12,620.5
2015-05-13,620.5
2015-05-14,652.25
2015-05-15,648.0
2015-05-18,659.5
2015-05-19,649.5
2015-05-20,649.5
2015-05-21,658.5
2015-05-22,653.0
2015-05-25,
2015-05-26,631.75
2015-05-27,622.75
2015-05-28,625.5
2015-05-29,613.0
2015-06-01,628.75
2015-06-02,646.75
2015-06-03,644.5
2015-06-04,659.0
2015-06-05,649.0
2015-06-08,662.0
2015-06-09,668.0
2015-06-10,651.0
2015-06-11,641.5
2015-06-12,640.75
2015-06-15,625.75
2015-06-16,624.25
2015-06-17,626.75
2015-06-18,623.25
2015-06-19,622.25
2015-06-22,635.5
2015-06-23,655.0
2015-06-24,651.0
2015-06-25,664.5
2015-06-26,692.0
2015-06-29,706.75
2015-06-30,738.0
2015-07-01,712.75
2015-07-02,715.25
2015-07-03,
2015-07-06,719.75
2015-07-07,708.75
2015-07-08,700.75
2015-07-09,702.0
2015-07-10,699.5
2015-07-13,698.0
2015-07-14,692.5
2015-07-15,690.5
2015-07-16,687.0
2015-07-17,679.5
2015-07-20,658.5
2015-07-21,649.25
2015-07-22,640.5
2015-07-23,644.75
2015-07-24,635.75
2015-07-27,627.75
2015-07-28,636.25
2015-07-29,621.25
2015-07-30,620.25
2015-07-31,620.75
2015-08-03,621.0
2015-08-04,616.25
2015-08-05,623.25
2015-08-06,627.25
2015-08-07,631.75
2015-08-10,645.5
2015-08-11,628.25
2015-08-12,613.25
2015-08-13,625.0
2015-08-14,627.75
2015-08-17,620.5
2015-08-18,614.75
2015-08-19,616.0
2015-08-20,627.25
2015-08-21,620.0
2015-08-24,624.0
2015-08-25,615.5
2015-08-26,610.25
2015-08-27,605.75
2015-08-28,599.75
2015-08-31,601.0
2015-09-01,602.25
2015-09-02,595.0
2015-09-03,581.25
2015-09-04,583.75
2015-09-07,
2015-09-08,591.0
2015-09-09,588.25
2015-09-10,594.0
2015-09-11,601.0
2015-09-14,617.25
2015-09-15,610.75
2015-09-16,605.75
2015-09-17,598.0
2015-09-18,602.25
2015-09-21,612.25
2015-09-22,611.75
2015-09-23,622.25
2015-09-24,612.0
2015-09-25,622.25
2015-09-28,619.5
2015-09-29,619.0
2015-09-30,625.25
2015-10-01,626.75
2015-10-02,623.75
2015-10-05,628.25
2015-10-06,640.25
2015-10-07,632.25
2015-10-08,629.0
2015-10-09,626.5
2015-10-12,624.0
2015-10-13,635.75
2015-10-14,625.25
2015-10-15,618.25
2015-10-16,609.25
2015-10-19,601.25
2015-10-20,605.75
2015-10-21,607.5
2015-10-22,603.75
2015-10-23,603.25
2015-10-26,621.0
2015-10-27,618.25
2015-10-28,617.25
2015-10-29,622.5
2015-10-30,626.25
2015-11-02,615.5
2015-11-03,623.0
2015-11-04,631.0
2015-11-05,626.5
2015-11-06,629.25
2015-11-09,610.25
2015-11-10,601.5
2015-11-11,601.0
2015-11-12,603.75
2015-11-13,602.5
2015-11-16,599.75
2015-11-17,592.5
2015-11-18,593.25
2015-11-19,598.0
2015-11-20,594.5
2015-11-23,605.0
2015-11-24,597.25
2015-11-25,598.5
2015-11-26,
2015-11-27,592.5
2015-11-30,597.75
2015-12-01,590.0
2015-12-02,585.25
2015-12-03,594.75
2015-12-04,599.25
2015-12-07,597.25
2015-12-08,595.25
2015-12-09,601.0
2015-12-10,605.75
2015-12-11,601.75
2015-12-14,604.5
2015-12-15,605.5
2015-12-16,597.0
2015-12-17,599.0
2015-12-18,601.0
2015-12-21,594.75
2015-12-22,588.5
2015-12-23,587.0
2015-12-24,585.0
2015-12-25,
2015-12-28,583.0
2015-12-29,590.25
2015-12-30,584.75
2015-12-31,585.25
2016-01-01,
2016-01-04,574.25
2016-01-05,576.0
2016-01-06,577.75
2016-01-07,582.25
2016-01-08,591.25
2016-01-11,581.75
2016-01-12,592.25
2016-01-13,587.75
2016-01-14,580.5
2016-01-15,584.5
2016-01-18,
2016-01-19,585.0
2016-01-20,581.25
2016-01-21,584.75
2016-01-22,585.25
2016-01-25,592.75
2016-01-26,595.25
2016-01-27,588.25
2016-01-28,584.5
2016-01-29,590.5
2016-02-01,585.5
2016-02-02,585.0
2016-02-03,587.75
2016-02-04,581.25
2016-02-05,576.0
2016-02-08,568.75
2016-02-09,567.0
2016-02-10,570.25
2016-02-11,570.75
2016-02-12,568.75
2016-02-15,
2016-02-16,575.0
2016-02-17,581.25
2016-02-18,577.75
2016-02-19,576.0
2016-02-22,575.0
2016-02-23,569.75
2016-02-24,565.75
2016-02-25,567.25
2016-02-26,563.5
2016-02-29,563.0
2016-03-01,555.25
2016-03-02,559.0
2016-03-03,567.75
2016-03-04,569.0
2016-03-07,571.0
2016-03-08,573.0
2016-03-09,575.25
2016-03-10,583.75
2016-03-11,583.25
2016-03-14,586.0
2016-03-15,585.75
2016-03-16,580.25
2016-03-17,571.25
2016-03-18,571.75
2016-03-21,575.0
2016-03-22,576.5
2016-03-23,573.0
2016-03-24,573.0
2016-03-25,
2016-03-28,579.75
2016-03-29,584.75
2016-03-30,573.75
2016-03-31,581.75
2016-04-01,584.5
2016-04-04,582.5
2016-04-05,582.25
2016-04-06,572.0
2016-04-07,566.75
2016-04-08,568.5
2016-04-11,557.25
2016-04-12,561.0
2016-04-13,569.5
2016-04-14,570.5
2016-04-15,572.0
2016-04-18,583.5
2016-04-19,597.0
2016-04-20,614.25
2016-04-21,605.25
2016-04-22,578.0
2016-04-25,582.0
2016-04-26,591.75
2016-04-27,588.0
2016-04-28,590.0
2016-04-29,593.75
2016-05-02,594.5
2016-05-03,576.5
2016-05-04,576.5
2016-05-05,568.25
2016-05-06,569.75
2016-05-09,563.5
2016-05-10,568.25
2016-05-11,565.0
2016-05-12,572.0
2016-05-13,577.0
2016-05-16,576.75
2016-05-17,583.75
2016-05-18,583.75
2016-05-19,575.25
2016-05-20,574.25
2016-05-23,568.75
2016-05-24,571.0
2016-05-25,572.75
2016-05-26,586.25
2016-05-27,586.0
2016-05-30,
2016-05-31,571.25
2016-06-01,580.75
2016-06-02,591.75
2016-06-03,600.75
2016-06-06,613.25
2016-06-07,615.75
2016-06-08,626.0
2016-06-09,617.25
2016-06-10,602.5
2016-06-13,601.0
2016-06-14,596.0
2016-06-15,588.0
2016-06-16,582.0
2016-06-17,590.75
2016-06-20,585.25
2016-06-21,571.0
2016-06-22,570.75
2016-06-23,564.0
2016-06-24,562.5
2016-06-27,555.75
2016-06-28,554.75
2016-06-29,543.0
2016-06-30,543.25
2016-07-01,528.5
2016-07-04,
2016-07-05,531.25
2016-07-06,525.75
2016-07-07,524.0
2016-07-08,534.25
2016-07-11,530.75
2016-07-12,538.75
2016-07-13,540.75
2016-07-14,536.25
2016-07-15,527.5
2016-07-18,532.25
2016-07-19,520.25
2016-07-20,513.75
2016-07-21,519.0
2016-07-22,528.0
2016-07-25,534.0
2016-07-26,519.75
2016-07-27,519.25
2016-07-28,515.0
2016-07-29,513.5
2016-08-01,510.75
2016-08-02,505.75
2016-08-03,514.0
2016-08-04,508.25
2016-08-05,515.75
2016-08-08,516.5
2016-08-09,514.5
2016-08-10,519.25
2016-08-11,514.75
2016-08-12,517.75
2016-08-15,516.0
2016-08-16,517.25
2016-08-17,520.75
2016-08-18,522.0
2016-08-19,522.5
2016-08-22,513.0
2016-08-23,505.25
2016-08-24,504.0
2016-08-25,501.5
2016-08-26,485.25
2016-08-29,474.75
2016-08-30,470.0
2016-08-31,466.0
2016-09-01,472.5
2016-09-02,477.0
2016-09-05,
2016-09-06,476.25
2016-09-07,480.5
2016-09-08,483.75
2016-09-09,481.25
2016-09-12,487.0
2016-09-13,478.75
2016-09-14,484.0
2016-09-15,484.5
2016-09-16,484.5
2016-09-19,482.75
2016-09-20,482.75
2016-09-21,483.0
2016-09-22,480.5
2016-09-23,480.5
2016-09-26,476.0
2016-09-27,481.0
2016-09-28,482.75
2016-09-29,479.0
2016-09-30,480.5
2016-10-03,476.25
2016-10-04,476.5
2016-10-05,486.0
2016-10-06,478.0
2016-10-07,476.5
2016-10-10,483.0
2016-10-11,483.0
2016-10-12,476.0
2016-10-13,493.0
2016-10-14,495.5
2016-10-17,498.75
2016-10-18,496.5
2016-10-19,497.5
2016-10-20,495.75
2016-10-21,493.5
2016-10-24,484.25
2016-10-25,487.5
2016-10-26,493.25
2016-10-27,496.0
2016-10-28,490.75
2016-10-31,492.5
2016-11-01,492.5
2016-11-02,494.5
2016-11-03,492.75
2016-11-04,494.75
2016-11-07,493.0
2016-11-08,498.25
2016-11-09,490.5
2016-11-10,487.75
2016-11-11,488.25
2016-11-14,477.75
2016-11-15,482.75
2016-11-16,478.75
2016-11-17,484.0
2016-11-18,487.25
2016-11-21,487.75
2016-11-22,488.5
2016-11-23,484.5
2016-11-24,
2016-11-25,482.25
2016-11-28,479.0
2016-11-29,471.25
2016-11-30,465.5
2016-12-01,459.5
2016-12-02,465.25
2016-12-05,466.0
2016-12-06,464.75
2016-12-07,455.75
2016-12-08,462.0
2016-12-09,470.0
2016-12-12,470.25
2016-12-13,469.75
2016-12-14,470.25
2016-12-15,462.25
2016-12-16,464.5
2016-12-19,462.0
2016-12-20,461.5
2016-12-21,458.75
2016-12-22,456.25
2016-12-23,453.5
2016-12-26,
2016-12-27,465.5
2016-12-28,460.5
2016-12-29,462.0
2016-12-30,465.0
2017-01-02,
2017-01-03,461.75
2017-01-04,470.75
2017-01-05,475.75
2017-01-06,476.0
2017-01-09,482.0
2017-01-10,482.5
2017-01-11,477.0
2017-01-12,483.25
2017-01-13,486.0
2017-01-16,
2017-01-17,496.0
2017-01-18,494.5
2017-01-19,489.75
2017-01-20,492.0
2017-01-23,493.25
2017-01-24,488.75
2017-01-25,486.0
2017-01-26,486.75
2017-01-27,481.75
2017-01-30,476.75
2017-01-31,479.75
2017-02-01,491.0
2017-02-02,492.5
2017-02-03,488.5
2017-02-06,481.0
2017-02-07,485.25
2017-02-08,486.25
2017-02-09,496.0
2017-02-10,503.0
2017-02-13,507.5
2017-02-14,505.75
2017-02-15,510.0
2017-02-16,506.25
2017-02-17,502.0
2017-02-20,
2017-02-21,497.25
2017-02-22,502.0
2017-02-23,499.75
2017-02-24,495.5
2017-02-27,487.5
2017-02-28,492.25
2017-03-01,503.5
2017-03-02,499.75
2017-03-03,500.0
2017-03-06,504.25
2017-03-07,504.25
2017-03-08,495.5
2017-03-09,492.5
2017-03-10,488.75
2017-03-13,479.75
2017-03-14,478.75
2017-03-15,483.0
2017-03-16,483.75
2017-03-17,485.5
2017-03-20,479.5
2017-03-21,477.5
2017-03-22,473.25
2017-03-23,470.75
2017-03-24,473.75
2017-03-27,469.75
2017-03-28,472.5
2017-03-29,473.75
2017-03-30,469.5
2017-03-31,473.75
2017-04-03,474.5
2017-04-04,475.0
2017-04-05,477.0
2017-04-06,470.75
2017-04-07,470.0
2017-04-10,474.75
2017-04-11,481.0
2017-04-12,480.25
2017-04-13,476.75
2017-04-14,
2017-04-17,470.0
2017-04-18,472.0
2017-04-19,470.5
2017-04-20,459.5
2017-04-21,459.25
2017-04-24,458.0
2017-04-25,464.5
2017-04-26,462.0
2017-04-27,467.5
2017-04-28,468.25
2017-05-01,490.0
2017-05-02,489.25
2017-05-03,488.0
2017-05-04,473.0
2017-05-05,476.25
2017-05-08,469.25
2017-05-09,464.5
2017-05-10,467.0
2017-05-11,467.25
2017-05-12,466.25
2017-05-15,458.75
2017-05-16,459.5
2017-05-17,461.75
2017-05-18,461.5
2017-05-19,469.75
2017-05-22,469.75
2017-05-23,466.25
2017-05-24,467.75
2017-05-25,466.5
2017-05-26,473.5
2017-05-29,
2017-05-30,466.5
2017-05-31,466.5
2017-06-01,466.0
2017-06-02,465.0
2017-06-05,463.75
2017-06-06,471.0
2017-06-07,480.0
2017-06-08,484.5
2017-06-09,481.25
2017-06-12,470.75
2017-06-13,480.75
2017-06-14,479.0
2017-06-15,490.5
2017-06-16,502.75
2017-06-19,503.75
2017-06-20,509.0
2017-06-21,502.0
2017-06-22,497.5
2017-06-23,495.25
2017-06-26,488.0
2017-06-27,491.25
2017-06-28,495.25
2017-06-29,515.5
2017-06-30,545.0
2017-07-03,574.0
2017-07-04,
2017-07-05,580.0
2017-07-06,561.25
2017-07-07,557.75
2017-07-10,574.0
2017-07-11,576.5
2017-07-12,560.5
2017-07-13,535.0
2017-07-14,534.75
2017-07-17,530.25
2017-07-18,526.75
2017-07-19,526.75
2017-07-20,529.25
2017-07-21,522.5
2017-07-24,513.5
2017-07-25,499.0
2017-07-26,502.75
2017-07-27,504.75
2017-07-28,506.0
2017-07-31,499.75
2017-08-01,487.75
2017-08-02,487.75
2017-08-03,485.0
2017-08-04,482.5
2017-08-07,490.75
2017-08-08,484.0
