CARVER,DATETIME,CARRY_CONTRACT,PRICE_CONTRACT
AEX,2013-07-26,201311,201310
AEX,2013-10-18,201312,201311
AEX,2013-11-15,201401,201312
AEX,2013-12-18,201402,201401
AEX,2014-01-17,201403,201402
AEX,2014-02-20,201404,201403
AEX,2014-03-17,201405,201404
AEX,2014-04-15,201406,201405
AEX,2014-05-14,201407,201406
AEX,2014-06-19,201408,201407
AEX,2014-07-16,201409,201408
AEX,2014-08-13,201410,201409
AEX,2014-09-17,201411,201410
AEX,2014-10-16,201412,201411
AEX,2014-11-21,201501,201412
AEX,2014-12-19,201502,201501
AEX,2015-01-16,201503,201502
AEX,2015-02-18,201504,201503
AEX,2015-03-16,201505,201504
AEX,2015-04-15,201506,201505
AEX,2015-05-11,201507,201506
AEX,2015-06-15,201508,201507
AEX,2015-07-15,201509,201508
AEX,2015-08-04,201510,201509
AEX,2015-09-14,201511,201510
AEX,2015-10-12,201512,201511
AEX,2015-11-16,201601,201512
AEX,2015-12-11,201602,201601
AEX,2016-01-08,201603,201602
AEX,2016-02-19,201604,201603
AEX,2016-03-14,201605,201604
AEX,2016-04-11,201606,201605
AEX,2016-05-13,201607,201606
AEX,2016-06-13,201608,201607
AEX,2016-07-13,201609,201608
AEX,2016-08-18,201610,201609
AEX,2016-09-12,201611,201610
AEX,2016-10-17,201612,201611
AEX,2016-11-16,201701,201612
AEX,2016-12-12,201702,201701
AEX,2017-01-09,201703,201702
AEX,2017-02-17,201704,201703
AEX,2017-03-13,201705,201704
AEX,2017-04-11,201706,201705
AEX,2017-05-12,201707,201706
AEX,2017-06-13,201708,201707
AUD,1987-01-14,198706,198703
AUD,1987-02-24,198709,198706
AUD,1987-05-27,198712,198709
AUD,1987-08-26,198803,198712
AUD,1987-11-25,198806,198803
AUD,1988-02-24,198809,198806
AUD,1988-05-26,198812,198809
AUD,1988-08-26,198903,198812
AUD,1988-11-28,198906,198903
AUD,1989-02-23,198909,198906
AUD,1989-05-26,198912,198909
AUD,1989-08-28,199003,198912
AUD,1989-11-27,199006,199003
AUD,1990-02-23,199009,199006
AUD,1990-05-29,199012,199009
AUD,1990-08-28,199103,199012
AUD,1990-11-27,199106,199103
AUD,1991-02-25,199109,199106
AUD,1991-05-29,199112,199109
AUD,1991-08-27,199203,199112
AUD,1991-11-26,199206,199203
AUD,1992-02-25,199209,199206
AUD,1992-05-27,199212,199209
AUD,1992-08-26,199303,199212
AUD,1992-11-25,199306,199303
AUD,1993-02-23,199309,199306
AUD,1993-05-26,199312,199309
AUD,1993-08-26,199403,199312
AUD,1993-11-26,199406,199403
AUD,1994-02-23,199409,199406
AUD,1994-05-26,199412,199409
AUD,1994-08-26,199503,199412
AUD,1994-11-28,199506,199503
AUD,1995-02-23,199509,199506
AUD,1995-05-26,199512,199509
AUD,1995-08-28,199603,199512
AUD,1995-11-27,199606,199603
AUD,1996-02-26,199609,199606
AUD,1996-05-29,199612,199609
AUD,1996-08-27,199703,199612
AUD,1996-11-26,199706,199703
AUD,1997-02-25,199709,199706
AUD,1997-05-28,199712,199709
AUD,1997-08-26,199803,199712
AUD,1997-11-25,199806,199803
AUD,1998-02-24,199809,199806
AUD,1998-05-27,199812,199809
AUD,1998-08-26,199903,199812
AUD,1998-11-25,199906,199903
AUD,1999-02-23,199909,199906
AUD,1999-05-26,199912,199909
AUD,1999-08-26,200003,199912
AUD,1999-11-26,200006,200003
AUD,2000-02-24,200009,200006
AUD,2000-05-26,200012,200009
AUD,2000-08-28,200103,200012
AUD,2000-11-27,200106,200103
AUD,2001-02-23,200109,200106
AUD,2001-05-29,200112,200109
AUD,2001-08-28,200203,200112
AUD,2001-11-27,200206,200203
AUD,2002-02-25,200209,200206
AUD,2002-05-29,200212,200209
AUD,2002-08-27,200303,200212
AUD,2002-11-26,200306,200303
AUD,2003-02-25,200309,200306
AUD,2003-05-28,200312,200309
AUD,2003-08-26,200403,200312
AUD,2003-11-25,200406,200403
AUD,2004-02-24,200409,200406
AUD,2004-05-26,200412,200409
AUD,2004-08-26,200503,200412
AUD,2004-11-26,200506,200503
AUD,2005-02-23,200509,200506
AUD,2005-05-26,200512,200509
AUD,2005-08-26,200603,200512
AUD,2005-11-25,200606,200603
AUD,2006-02-23,200609,200606
AUD,2006-05-26,200612,200609
AUD,2006-08-28,200703,200612
AUD,2006-11-27,200706,200703
AUD,2007-02-23,200709,200706
AUD,2007-05-28,200712,200709
AUD,2007-08-28,200803,200712
AUD,2007-11-27,200806,200803
AUD,2008-02-26,200809,200806
AUD,2008-05-28,200812,200809
AUD,2008-08-26,200903,200812
AUD,2008-11-25,200906,200903
AUD,2009-02-24,200909,200906
AUD,2009-05-27,200912,200909
AUD,2009-08-26,201003,200912
AUD,2009-11-25,201006,201003
AUD,2010-02-23,201009,201006
AUD,2010-05-26,201012,201009
AUD,2010-08-26,201103,201012
AUD,2010-11-26,201106,201103
AUD,2011-02-23,201109,201106
AUD,2011-05-26,201112,201109
AUD,2011-08-26,201203,201112
AUD,2011-11-28,201206,201203
AUD,2012-02-24,201209,201206
AUD,2012-05-29,201212,201209
AUD,2012-08-28,201303,201212
AUD,2012-11-27,201306,201303
AUD,2013-02-25,201309,201306
AUD,2013-05-29,201312,201309
AUD,2013-09-16,201403,201312
AUD,2013-12-16,201406,201403
AUD,2014-03-14,201409,201406
AUD,2014-06-11,201412,201409
AUD,2014-09-12,201503,201412
AUD,2014-12-15,201506,201503
AUD,2015-03-10,201509,201506
AUD,2015-06-11,201512,201509
AUD,2015-09-11,201603,201512
AUD,2015-12-09,201606,201603
AUD,2016-03-11,201609,201606
AUD,2016-06-07,201612,201609
AUD,2016-09-12,201703,201612
AUD,2016-12-09,201706,201703
AUD,2017-03-10,201709,201706
AUD,2017-06-09,201712,201709
BOBL,2013-06-07,201403,201312
BOBL,2013-12-06,201406,201403
BOBL,2014-03-04,201409,201406
BOBL,2014-06-02,201412,201409
BOBL,2014-09-05,201503,201412
BOBL,2014-12-05,201506,201503
BOBL,2015-02-27,201509,201506
BOBL,2015-05-22,201512,201509
BOBL,2015-08-31,201603,201512
BOBL,2015-12-01,201606,201603
BOBL,2016-03-02,201609,201606
BOBL,2016-06-06,201612,201609
BOBL,2016-09-05,201703,201612
BOBL,2016-12-01,201706,201703
BOBL,2017-03-01,201709,201706
BOBL,2017-06-01,201712,201709
BTP,2013-08-12,201403,201312
BTP,2013-12-06,201406,201403
BTP,2014-03-04,201409,201406
BTP,2014-06-02,201412,201409
BTP,2014-09-05,201503,201412
BTP,2014-12-05,201506,201503
BTP,2015-03-02,201509,201506
BTP,2015-05-21,201512,201509
BTP,2015-08-31,201603,201512
BTP,2015-12-01,201606,201603
BTP,2016-03-02,201609,201606
BTP,2016-06-01,201612,201609
BTP,2016-09-05,201703,201612
BTP,2016-12-01,201706,201703
BTP,2017-03-01,201709,201706
BTP,2017-06-01,201712,201709
BUND,2013-04-15,201403,201312
BUND,2013-12-06,201406,201403
BUND,2014-03-04,201409,201406
BUND,2014-06-02,201412,201409
BUND,2014-09-05,201503,201412
BUND,2014-12-05,201506,201503
BUND,2015-02-27,201509,201506
BUND,2015-05-21,201512,201509
BUND,2015-08-31,201603,201512
BUND,2015-12-01,201606,201603
BUND,2016-03-02,201609,201606
BUND,2016-06-06,201612,201609
BUND,2016-09-05,201703,201612
BUND,2016-12-01,201706,201703
BUND,2017-03-01,201709,201706
BUND,2017-06-01,201712,201709
CAC,2013-08-14,201311,201310
CAC,2013-10-18,201312,201311
CAC,2013-11-15,201401,201312
CAC,2013-12-18,201402,201401
CAC,2014-01-17,201403,201402
CAC,2014-02-21,201404,201403
CAC,2014-03-17,201405,201404
CAC,2014-04-15,201406,201405
CAC,2014-05-14,201407,201406
CAC,2014-06-19,201408,201407
CAC,2014-07-16,201409,201408
CAC,2014-08-13,201410,201409
CAC,2014-09-17,201411,201410
CAC,2014-10-16,201412,201411
CAC,2014-11-21,201501,201412
CAC,2014-12-19,201502,201501
CAC,2015-01-16,201503,201502
CAC,2015-02-18,201504,201503
CAC,2015-03-13,201505,201504
CAC,2015-04-14,201506,201505
CAC,2015-05-11,201507,201506
CAC,2015-06-15,201508,201507
CAC,2015-07-15,201509,201508
CAC,2015-08-04,201510,201509
CAC,2015-09-14,201511,201510
CAC,2015-10-12,201512,201511
CAC,2015-11-16,201601,201512
CAC,2015-12-11,201602,201601
CAC,2016-01-11,201603,201602
CAC,2016-02-19,201604,201603
CAC,2016-03-14,201605,201604
CAC,2016-04-11,201606,201605
CAC,2016-05-13,201607,201606
CAC,2016-06-13,201608,201607
CAC,2016-07-13,201609,201608
CAC,2016-08-18,201610,201609
CAC,2016-09-12,201611,201610
CAC,2016-10-17,201612,201611
CAC,2016-11-11,201701,201612
CAC,2016-12-12,201702,201701
CAC,2017-01-11,201703,201702
CAC,2017-02-17,201704,201703
CAC,2017-03-13,201705,201704
CAC,2017-04-11,201706,201705
CAC,2017-05-12,201707,201706
CAC,2017-06-13,201708,201707
COPPER,1993-05-05,199504,199503
COPPER,1995-02-15,199507,199506
COPPER,1995-05-18,199510,199509
COPPER,1995-08-18,199601,199512
COPPER,1995-11-17,199604,199603
COPPER,1996-02-16,199607,199606
COPPER,1996-05-20,199610,199609
COPPER,1996-08-20,199701,199612
COPPER,1996-11-19,199704,199703
COPPER,1997-02-18,199707,199706
COPPER,1997-05-20,199710,199709
COPPER,1997-08-19,199801,199712
COPPER,1997-11-18,199804,199803
COPPER,1998-02-18,199807,199806
COPPER,1998-05-19,199810,199809
COPPER,1998-08-18,199901,199812
COPPER,1998-11-17,199904,199903
COPPER,1999-02-17,199907,199906
COPPER,1999-05-18,199910,199909
COPPER,1999-08-18,200001,199912
COPPER,1999-11-17,200004,200003
COPPER,2000-02-16,200007,200006
COPPER,2000-05-18,200010,200009
COPPER,2000-08-18,200101,200012
COPPER,2000-11-17,200104,200103
COPPER,2001-02-15,200107,200106
COPPER,2001-05-18,200110,200109
COPPER,2001-08-20,200201,200112
COPPER,2001-11-19,200204,200203
COPPER,2002-02-15,200207,200206
COPPER,2002-05-20,200210,200209
COPPER,2002-08-20,200301,200212
COPPER,2002-11-19,200304,200303
COPPER,2003-02-18,200307,200306
COPPER,2003-05-20,200310,200309
COPPER,2003-08-19,200401,200312
COPPER,2003-11-18,200404,200403
COPPER,2004-02-18,200407,200406
COPPER,2004-05-18,200410,200409
COPPER,2004-08-18,200501,200412
COPPER,2004-11-17,200504,200503
COPPER,2005-02-15,200507,200506
COPPER,2005-05-18,200510,200509
COPPER,2005-08-18,200601,200512
COPPER,2005-11-17,200604,200603
COPPER,2006-02-15,200607,200606
COPPER,2006-05-18,200610,200609
COPPER,2006-08-18,200701,200612
COPPER,2006-11-17,200704,200703
COPPER,2007-02-15,200707,200706
COPPER,2007-05-18,200710,200709
COPPER,2007-08-20,200801,200712
COPPER,2007-11-19,200804,200803
COPPER,2008-02-19,200807,200806
COPPER,2008-05-20,200810,200809
COPPER,2008-08-19,200901,200812
COPPER,2008-11-18,200904,200903
COPPER,2009-02-18,200907,200906
COPPER,2009-05-19,200910,200909
COPPER,2009-08-18,201001,200912
COPPER,2009-11-17,201004,201003
COPPER,2010-02-17,201007,201006
COPPER,2010-05-18,201010,201009
COPPER,2010-08-18,201101,201012
COPPER,2010-11-17,201104,201103
COPPER,2011-02-15,201107,201106
COPPER,2011-05-18,201110,201109
COPPER,2011-08-18,201201,201112
COPPER,2011-11-17,201204,201203
COPPER,2012-02-16,201207,201206
COPPER,2012-05-18,201210,201209
COPPER,2012-08-20,201301,201212
COPPER,2012-11-19,201304,201303
COPPER,2013-02-15,201307,201306
COPPER,2013-05-20,201310,201309
COPPER,2013-09-26,201401,201312
COPPER,2013-12-10,201404,201403
COPPER,2014-03-04,201407,201406
COPPER,2014-03-10,201410,201409
COPPER,2014-03-27,201501,201412
COPPER,2014-11-28,201504,201503
COPPER,2015-03-09,201507,201506
COPPER,2015-03-11,201510,201509
COPPER,2015-04-09,201601,201512
COPPER,2015-12-02,201604,201603
COPPER,2016-03-09,201607,201606
COPPER,2016-03-14,201610,201609
COPPER,2016-08-30,201701,201612
COPPER,2016-12-01,201704,201703
COPPER,2017-03-01,201707,201706
COPPER,2017-06-01,201710,201709
CORN,1981-09-25,198209,198212
CORN,1982-09-20,198309,198312
CORN,1983-09-20,198409,198412
CORN,1984-09-18,198509,198512
CORN,1985-09-18,198609,198612
CORN,1986-09-18,198709,198712
CORN,1987-09-18,198809,198812
CORN,1988-09-20,198909,198912
CORN,1989-09-19,199009,199012
CORN,1990-09-18,199109,199112
CORN,1991-09-18,199209,199212
CORN,1992-09-18,199309,199312
CORN,1993-09-20,199409,199412
CORN,1994-09-20,199509,199512
CORN,1995-09-19,199609,199612
CORN,1996-09-18,199709,199712
CORN,1997-09-18,199809,199812
CORN,1998-09-18,199909,199912
CORN,1999-09-20,200009,200012
CORN,2000-09-19,200109,200112
CORN,2001-09-18,200209,200212
CORN,2002-09-18,200309,200312
CORN,2003-09-18,200409,200412
CORN,2004-09-20,200509,200512
CORN,2005-09-20,200609,200612
CORN,2006-09-19,200709,200712
CORN,2007-09-18,200809,200812
CORN,2008-09-18,200909,200912
CORN,2009-09-18,201009,201012
CORN,2010-09-20,201109,201112
CORN,2011-09-20,201209,201212
CORN,2012-09-18,201309,201312
CORN,2013-12-03,201409,201412
CORN,2014-10-03,201509,201512
CORN,2015-09-15,201609,201612
CORN,2016-09-12,201709,201712
CORN,2017-09-14,201809,201812
CRUDE_W,1987-11-25,198811,198812
CRUDE_W,1988-11-15,198911,198912
CRUDE_W,1989-11-15,199011,199012
CRUDE_W,1990-11-15,199111,199112
CRUDE_W,1991-11-15,199211,199212
CRUDE_W,1992-11-17,199311,199312
CRUDE_W,1993-11-16,199411,199412
CRUDE_W,1994-11-15,199511,199512
CRUDE_W,1995-11-15,199611,199612
CRUDE_W,1996-11-15,199711,199712
CRUDE_W,1997-11-17,199811,199812
CRUDE_W,1998-11-17,199911,199912
CRUDE_W,1999-11-16,200011,200012
CRUDE_W,2000-11-15,200111,200112
CRUDE_W,2001-11-15,200211,200212
CRUDE_W,2002-11-15,200311,200312
CRUDE_W,2003-11-17,200411,200412
CRUDE_W,2004-11-16,200511,200512
CRUDE_W,2005-11-15,200611,200612
CRUDE_W,2006-11-15,200711,200712
CRUDE_W,2007-11-15,200811,200812
CRUDE_W,2008-11-17,200911,200912
CRUDE_W,2009-11-17,201011,201012
CRUDE_W,2010-11-16,201111,201112
CRUDE_W,2011-11-15,201211,201212
CRUDE_W,2012-11-16,201311,201312
CRUDE_W,2013-11-20,201411,201412
CRUDE_W,2014-10-03,201511,201512
CRUDE_W,2015-10-19,201611,201612
CRUDE_W,2016-09-30,201711,201712
CRUDE_W,2017-10-19,201811,201812
EDOLLAR,1983-09-26,198409,198412
EDOLLAR,1983-12-12,198412,198503
EDOLLAR,1984-01-12,198503,198506
EDOLLAR,1984-04-10,198506,198509
EDOLLAR,1984-06-22,198509,198512
EDOLLAR,1984-08-31,198512,198603
EDOLLAR,1984-10-09,198603,198606
EDOLLAR,1985-01-08,198606,198609
EDOLLAR,1985-04-10,198609,198612
EDOLLAR,1985-07-10,198612,198703
EDOLLAR,1985-10-10,198703,198706
EDOLLAR,1986-01-07,198706,198709
EDOLLAR,1986-04-10,198709,198712
EDOLLAR,1986-07-10,198712,198803
EDOLLAR,1986-10-10,198806,198806
EDOLLAR,1986-12-22,198809,198812
EDOLLAR,1987-03-19,198812,198903
EDOLLAR,1987-06-19,198906,198906
EDOLLAR,1987-08-11,198909,198912
EDOLLAR,1987-10-12,198912,199003
EDOLLAR,1988-01-07,199003,199006
EDOLLAR,1988-04-11,199006,199009
EDOLLAR,1988-07-11,199009,199012
EDOLLAR,1988-10-11,199012,199103
EDOLLAR,1989-01-09,199103,199106
EDOLLAR,1989-04-11,199106,199109
EDOLLAR,1989-07-11,199109,199112
EDOLLAR,1989-10-10,199112,199203
EDOLLAR,1990-01-09,199203,199206
EDOLLAR,1990-04-10,199206,199209
EDOLLAR,1990-07-10,199209,199212
EDOLLAR,1990-10-10,199212,199303
EDOLLAR,1991-01-08,199303,199306
EDOLLAR,1991-04-10,199306,199309
EDOLLAR,1991-07-10,199309,199312
EDOLLAR,1991-10-10,199312,199403
EDOLLAR,1992-01-07,199403,199406
EDOLLAR,1992-04-09,199406,199409
EDOLLAR,1992-07-09,199409,199412
EDOLLAR,1992-10-09,199412,199503
EDOLLAR,1993-01-07,199503,199506
EDOLLAR,1993-04-13,199506,199509
EDOLLAR,1993-07-12,199509,199512
EDOLLAR,1993-10-12,199512,199603
EDOLLAR,1994-01-07,199603,199606
EDOLLAR,1994-04-12,199606,199609
EDOLLAR,1994-07-12,199609,199612
EDOLLAR,1994-10-11,199612,199703
EDOLLAR,1995-01-09,199703,199706
EDOLLAR,1995-04-11,199706,199709
EDOLLAR,1995-07-11,199709,199712
EDOLLAR,1995-10-10,199712,199803
EDOLLAR,1996-01-09,199803,199806
EDOLLAR,1996-04-09,199806,199809
EDOLLAR,1996-07-09,199809,199812
EDOLLAR,1996-10-09,199812,199903
EDOLLAR,1997-01-07,199903,199906
EDOLLAR,1997-04-10,199906,199909
EDOLLAR,1997-07-10,199909,199912
EDOLLAR,1997-10-10,199912,200003
EDOLLAR,1998-01-07,200003,200006
EDOLLAR,1998-04-13,200006,200009
EDOLLAR,1998-07-10,200009,200012
EDOLLAR,1998-10-13,200012,200103
EDOLLAR,1999-01-07,200103,200106
EDOLLAR,1999-04-12,200106,200109
EDOLLAR,1999-07-12,200109,200112
EDOLLAR,1999-10-13,200112,200203
EDOLLAR,2000-01-07,200203,200206
EDOLLAR,2000-04-11,200206,200209
EDOLLAR,2000-07-11,200209,200212
EDOLLAR,2000-10-11,200212,200303
EDOLLAR,2001-01-09,200303,200306
EDOLLAR,2001-04-10,200306,200309
EDOLLAR,2001-07-10,200309,200312
EDOLLAR,2001-10-10,200312,200403
EDOLLAR,2002-01-08,200403,200406
EDOLLAR,2002-04-10,200406,200409
EDOLLAR,2002-07-10,200409,200412
EDOLLAR,2002-10-10,200412,200503
EDOLLAR,2003-01-07,200503,200506
EDOLLAR,2003-04-10,200506,200509
EDOLLAR,2003-07-10,200509,200512
EDOLLAR,2003-10-10,200512,200603
EDOLLAR,2004-01-07,200603,200606
EDOLLAR,2004-04-12,200606,200609
EDOLLAR,2004-07-09,200609,200612
EDOLLAR,2004-09-23,200712,200803
EDOLLAR,2005-01-07,200803,200806
EDOLLAR,2005-04-12,200806,200809
EDOLLAR,2005-07-12,200809,200812
EDOLLAR,2005-10-11,200812,200903
EDOLLAR,2006-01-09,200903,200906
EDOLLAR,2006-04-11,200906,200909
EDOLLAR,2006-07-11,200909,200912
EDOLLAR,2006-10-10,200912,201003
EDOLLAR,2007-01-09,201003,201006
EDOLLAR,2007-04-10,201006,201009
EDOLLAR,2007-07-10,201009,201012
EDOLLAR,2007-10-10,201012,201103
EDOLLAR,2008-01-08,201103,201106
EDOLLAR,2008-04-09,201106,201109
EDOLLAR,2008-07-09,201109,201112
EDOLLAR,2008-10-09,201112,201203
EDOLLAR,2009-01-07,201203,201206
EDOLLAR,2009-04-13,201206,201209
EDOLLAR,2009-07-10,201209,201212
EDOLLAR,2009-10-13,201212,201303
EDOLLAR,2010-01-07,201303,201306
EDOLLAR,2010-04-12,201306,201309
EDOLLAR,2010-07-12,201309,201312
EDOLLAR,2010-10-13,201312,201403
EDOLLAR,2011-01-07,201403,201406
EDOLLAR,2011-04-13,201406,201409
EDOLLAR,2011-07-12,201409,201412
EDOLLAR,2011-10-11,201412,201503
EDOLLAR,2012-01-09,201503,201506
EDOLLAR,2012-04-10,201506,201509
EDOLLAR,2012-07-10,201509,201512
EDOLLAR,2012-10-09,201512,201603
EDOLLAR,2013-01-08,201603,201606
EDOLLAR,2013-04-10,201606,201609
EDOLLAR,2013-10-08,201612,201703
EDOLLAR,2014-02-18,201703,201706
EDOLLAR,2014-03-28,201706,201709
EDOLLAR,2014-06-24,201709,201712
EDOLLAR,2014-08-07,201712,201803
EDOLLAR,2014-10-24,201803,201806
EDOLLAR,2015-02-24,201806,201809
EDOLLAR,2015-08-31,201809,201812
EDOLLAR,2015-11-17,201812,201903
EDOLLAR,2016-02-22,201903,201906
EDOLLAR,2016-08-12,201906,201909
EDOLLAR,2016-11-15,201909,201912
EDOLLAR,2017-02-15,201912,202003
EDOLLAR,2017-05-15,202003,202006
EDOLLAR,2017-08-15,202006,202009
EUR,1999-01-05,199906,199903
EUR,1999-02-23,199909,199906
EUR,1999-05-26,199912,199909
EUR,1999-08-26,200003,199912
EUR,1999-11-26,200006,200003
EUR,2000-02-24,200009,200006
EUR,2000-05-26,200012,200009
EUR,2000-08-28,200103,200012
EUR,2000-11-27,200106,200103
EUR,2001-02-23,200109,200106
EUR,2001-05-29,200112,200109
EUR,2001-08-28,200203,200112
EUR,2001-11-27,200206,200203
EUR,2002-02-25,200209,200206
EUR,2002-05-29,200212,200209
EUR,2002-08-27,200303,200212
EUR,2002-11-26,200306,200303
EUR,2003-02-25,200309,200306
EUR,2003-05-28,200312,200309
EUR,2003-08-26,200403,200312
EUR,2003-11-25,200406,200403
EUR,2004-02-24,200409,200406
EUR,2004-05-26,200412,200409
EUR,2004-08-26,200503,200412
EUR,2004-11-26,200506,200503
EUR,2005-02-23,200509,200506
EUR,2005-05-26,200512,200509
EUR,2005-08-26,200603,200512
EUR,2005-11-25,200606,200603
EUR,2006-02-23,200609,200606
EUR,2006-05-26,200612,200609
EUR,2006-08-28,200703,200612
EUR,2006-11-27,200706,200703
EUR,2007-02-23,200709,200706
EUR,2007-05-28,200712,200709
EUR,2007-08-28,200803,200712
EUR,2007-11-27,200806,200803
EUR,2008-02-26,200809,200806
EUR,2008-05-28,200812,200809
EUR,2008-08-26,200903,200812
EUR,2008-11-25,200906,200903
EUR,2009-02-24,200909,200906
EUR,2009-05-27,200912,200909
EUR,2009-08-26,201003,200912
EUR,2009-11-25,201006,201003
EUR,2010-02-23,201009,201006
EUR,2010-05-26,201012,201009
EUR,2010-08-26,201103,201012
EUR,2010-11-26,201106,201103
EUR,2011-02-23,201109,201106
EUR,2011-05-26,201112,201109
EUR,2011-08-26,201203,201112
EUR,2011-11-28,201206,201203
EUR,2012-02-24,201209,201206
EUR,2012-05-29,201212,201209
EUR,2012-08-28,201303,201212
EUR,2012-11-27,201306,201303
EUR,2013-02-25,201309,201306
EUR,2013-05-29,201312,201309
EUR,2013-09-16,201403,201312
EUR,2013-12-16,201406,201403
EUR,2014-03-14,201409,201406
EUR,2014-06-12,201412,201409
EUR,2014-09-12,201503,201412
EUR,2014-12-15,201506,201503
EUR,2015-03-10,201509,201506
EUR,2015-06-11,201512,201509
EUR,2015-09-11,201603,201512
EUR,2015-12-07,201606,201603
EUR,2016-03-11,201609,201606
EUR,2016-06-08,201612,201609
EUR,2016-09-12,201703,201612
EUR,2016-12-09,201706,201703
EUR,2017-03-10,201709,201706
EUR,2017-06-09,201712,201709
EUROSTX,2013-03-19,201403,201312
EUROSTX,2013-12-18,201406,201403
EUROSTX,2014-03-17,201409,201406
EUROSTX,2014-06-19,201412,201409
EUROSTX,2014-09-17,201503,201412
EUROSTX,2014-12-19,201506,201503
EUROSTX,2015-03-16,201509,201506
EUROSTX,2015-06-16,201512,201509
EUROSTX,2015-09-15,201603,201512
EUROSTX,2015-12-15,201606,201603
EUROSTX,2016-03-14,201609,201606
EUROSTX,2016-06-14,201612,201609
EUROSTX,2016-09-13,201703,201612
EUROSTX,2016-12-15,201706,201703
EUROSTX,2017-03-13,201709,201706
EUROSTX,2017-06-14,201712,201709
GAS_US,1990-04-04,199006,199007
GAS_US,1990-04-18,199009,199010
GAS_US,1990-07-19,199012,199101
GAS_US,1990-10-22,199103,199104
GAS_US,1991-01-17,199106,199107
GAS_US,1991-04-18,199109,199110
GAS_US,1991-07-19,199112,199201
GAS_US,1991-10-22,199203,199204
GAS_US,1992-01-20,199206,199207
GAS_US,1992-04-21,199209,199210
GAS_US,1992-07-21,199212,199301
GAS_US,1992-10-20,199303,199304
GAS_US,1993-01-19,199306,199307
GAS_US,1993-04-20,199309,199310
GAS_US,1993-07-20,199312,199401
GAS_US,1993-10-20,199403,199404
GAS_US,1994-01-18,199406,199407
GAS_US,1994-04-19,199409,199410
GAS_US,1994-07-19,199412,199501
GAS_US,1994-10-20,199503,199504
GAS_US,1995-01-17,199506,199507
GAS_US,1995-04-18,199509,199510
GAS_US,1995-07-19,199512,199601
GAS_US,1995-10-20,199603,199604
GAS_US,1996-01-18,199606,199607
GAS_US,1996-04-18,199609,199610
GAS_US,1996-07-19,199612,199701
GAS_US,1996-10-22,199703,199704
GAS_US,1997-01-17,199706,199707
GAS_US,1997-04-18,199709,199710
GAS_US,1997-07-21,199712,199801
GAS_US,1997-10-21,199803,199804
GAS_US,1998-01-20,199806,199807
GAS_US,1998-04-20,199809,199810
GAS_US,1998-07-21,199812,199901
GAS_US,1998-10-20,199903,199904
GAS_US,1999-01-20,199906,199907
GAS_US,1999-04-20,199909,199910
GAS_US,1999-07-20,199912,200001
GAS_US,1999-10-20,200003,200004
GAS_US,2000-01-19,200006,200007
GAS_US,2000-04-18,200009,200010
GAS_US,2000-07-19,200012,200101
GAS_US,2000-10-20,200103,200104
GAS_US,2001-01-17,200106,200107
GAS_US,2001-04-18,200109,200110
GAS_US,2001-07-19,200112,200201
GAS_US,2001-10-22,200203,200204
GAS_US,2002-01-17,200206,200207
GAS_US,2002-04-18,200209,200210
GAS_US,2002-07-19,200212,200301
GAS_US,2002-10-22,200303,200304
GAS_US,2003-01-17,200306,200307
GAS_US,2003-04-21,200309,200310
GAS_US,2003-07-21,200312,200401
GAS_US,2003-10-21,200403,200404
GAS_US,2004-01-21,200406,200407
GAS_US,2004-04-20,200409,200410
GAS_US,2004-07-20,200412,200501
GAS_US,2004-10-20,200503,200504
GAS_US,2005-01-19,200506,200507
GAS_US,2005-04-19,200509,200510
GAS_US,2005-07-19,200512,200601
GAS_US,2005-10-20,200603,200604
GAS_US,2006-01-18,200606,200607
GAS_US,2006-04-18,200609,200610
GAS_US,2006-07-19,200612,200701
GAS_US,2006-10-20,200703,200704
GAS_US,2007-01-17,200706,200707
GAS_US,2007-04-18,200709,200710
GAS_US,2007-07-19,200712,200801
GAS_US,2007-10-22,200803,200804
GAS_US,2008-01-18,200806,200807
GAS_US,2008-04-18,200809,200810
GAS_US,2008-07-21,200812,200901
GAS_US,2008-10-21,200903,200904
GAS_US,2009-01-20,200906,200907
GAS_US,2009-04-20,200909,200910
GAS_US,2009-07-21,200912,201001
GAS_US,2009-10-20,201003,201004
GAS_US,2010-01-20,201006,201007
GAS_US,2010-04-20,201009,201010
GAS_US,2010-07-20,201012,201101
GAS_US,2010-10-20,201103,201104
GAS_US,2011-01-19,201106,201107
GAS_US,2011-04-19,201109,201110
GAS_US,2011-07-19,201112,201201
GAS_US,2011-10-20,201203,201204
GAS_US,2012-01-18,201206,201207
GAS_US,2012-04-18,201209,201210
GAS_US,2012-07-19,201212,201301
GAS_US,2012-10-22,201303,201304
GAS_US,2013-01-17,201306,201307
GAS_US,2013-04-18,201309,201310
GAS_US,2013-07-19,201312,201401
GAS_US,2013-12-03,201403,201404
GAS_US,2014-03-27,201406,201407
GAS_US,2014-06-25,201409,201410
GAS_US,2014-08-07,201410,201411
GAS_US,2014-09-12,201411,201412
GAS_US,2014-10-17,201412,201501
GAS_US,2014-11-14,201501,201502
GAS_US,2014-12-19,201502,201503
GAS_US,2015-01-23,201503,201504
GAS_US,2015-02-17,201504,201505
GAS_US,2015-03-11,201505,201506
GAS_US,2015-04-27,201506,201507
GAS_US,2015-05-19,201507,201508
GAS_US,2015-06-23,201508,201509
GAS_US,2015-07-17,201509,201510
GAS_US,2015-08-31,201510,201511
GAS_US,2015-09-30,201511,201512
GAS_US,2015-11-02,201512,201601
GAS_US,2015-11-23,201601,201602
GAS_US,2015-12-23,201602,201603
GAS_US,2016-01-25,201603,201604
GAS_US,2016-02-22,201604,201605
GAS_US,2016-03-29,201605,201606
GAS_US,2016-04-26,201606,201607
GAS_US,2016-05-24,201607,201608
GAS_US,2016-06-07,201608,201609
GAS_US,2016-07-12,201609,201610
GAS_US,2016-08-26,201610,201611
GAS_US,2016-09-12,201611,201612
GAS_US,2016-10-07,201612,201701
GAS_US,2016-11-23,201701,201702
GAS_US,2016-12-23,201702,201703
GAS_US,2017-01-23,201703,201704
GAS_US,2017-02-22,201704,201705
GAS_US,2017-03-22,201705,201706
GAS_US,2017-04-21,201706,201707
GAS_US,2017-05-23,201707,201708
GAS_US,2017-06-22,201708,201709
GBP,1975-02-14,197512,197509
GBP,1975-08-26,197603,197512
GBP,1975-11-25,197606,197603
GBP,1976-02-24,197609,197606
GBP,1976-05-26,197612,197609
GBP,1976-08-26,197703,197612
GBP,1976-11-26,197706,197703
GBP,1977-02-23,197709,197706
GBP,1977-05-26,197712,197709
GBP,1977-08-26,197803,197712
GBP,1977-11-28,197806,197803
GBP,1978-02-23,197809,197806
GBP,1978-05-26,197812,197809
GBP,1978-08-28,197903,197812
GBP,1978-11-28,197906,197903
GBP,1979-02-23,197909,197906
GBP,1979-05-29,197912,197909
GBP,1979-08-28,198003,197912
GBP,1979-11-27,198006,198003
GBP,1980-02-26,198009,198006
GBP,1980-05-28,198012,198009
GBP,1980-08-26,198103,198012
GBP,1980-11-25,198106,198103
GBP,1981-02-24,198109,198106
GBP,1981-05-27,198112,198109
GBP,1981-08-26,198203,198112
GBP,1981-11-25,198206,198203
GBP,1982-02-23,198209,198206
GBP,1982-05-26,198212,198209
GBP,1982-08-26,198303,198212
GBP,1982-11-26,198306,198303
GBP,1983-02-23,198309,198306
GBP,1983-05-26,198312,198309
GBP,1983-08-26,198403,198312
GBP,1983-11-29,198406,198403
GBP,1984-02-24,198409,198406
GBP,1984-05-29,198412,198409
GBP,1984-08-28,198503,198412
GBP,1984-11-27,198506,198503
GBP,1985-02-25,198509,198506
GBP,1985-05-29,198512,198509
GBP,1985-08-27,198603,198512
GBP,1985-11-26,198606,198603
GBP,1986-02-25,198609,198606
GBP,1986-05-28,198612,198609
GBP,1986-08-26,198703,198612
GBP,1986-11-25,198706,198703
GBP,1987-02-24,198709,198706
GBP,1987-05-27,198712,198709
GBP,1987-08-26,198803,198712
GBP,1987-11-25,198806,198803
GBP,1988-02-24,198809,198806
GBP,1988-05-26,198812,198809
GBP,1988-08-26,198903,198812
GBP,1988-11-28,198906,198903
GBP,1989-02-23,198909,198906
GBP,1989-05-26,198912,198909
GBP,1989-08-28,199003,198912
GBP,1989-11-27,199006,199003
GBP,1990-02-23,199009,199006
GBP,1990-05-29,199012,199009
GBP,1990-08-28,199103,199012
GBP,1990-11-27,199106,199103
GBP,1991-02-25,199109,199106
GBP,1991-05-29,199112,199109
GBP,1991-08-27,199203,199112
GBP,1991-11-26,199206,199203
GBP,1992-02-25,199209,199206
GBP,1992-05-27,199212,199209
GBP,1992-08-26,199303,199212
GBP,1992-11-25,199306,199303
GBP,1993-02-23,199309,199306
GBP,1993-05-26,199312,199309
GBP,1993-08-26,199403,199312
GBP,1993-11-26,199406,199403
GBP,1994-02-23,199409,199406
GBP,1994-05-26,199412,199409
GBP,1994-08-26,199503,199412
GBP,1994-11-28,199506,199503
GBP,1995-02-23,199509,199506
GBP,1995-05-26,199512,199509
GBP,1995-08-28,199603,199512
GBP,1995-11-27,199606,199603
GBP,1996-02-26,199609,199606
GBP,1996-05-29,199612,199609
GBP,1996-08-27,199703,199612
GBP,1996-11-26,199706,199703
GBP,1997-02-25,199709,199706
GBP,1997-05-28,199712,199709
GBP,1997-08-26,199803,199712
GBP,1997-11-25,199806,199803
GBP,1998-02-24,199809,199806
GBP,1998-05-27,199812,199809
GBP,1998-08-26,199903,199812
GBP,1998-11-25,199906,199903
GBP,1999-02-23,199909,199906
GBP,1999-05-26,199912,199909
GBP,1999-08-26,200003,199912
GBP,1999-11-26,200006,200003
GBP,2000-02-24,200009,200006
GBP,2000-05-26,200012,200009
GBP,2000-08-28,200103,200012
GBP,2000-11-27,200106,200103
GBP,2001-02-23,200109,200106
GBP,2001-05-29,200112,200109
GBP,2001-08-28,200203,200112
GBP,2001-11-27,200206,200203
GBP,2002-02-25,200209,200206
GBP,2002-05-29,200212,200209
GBP,2002-08-27,200303,200212
GBP,2002-11-26,200306,200303
GBP,2003-02-25,200309,200306
GBP,2003-05-28,200312,200309
GBP,2003-08-26,200403,200312
GBP,2003-11-25,200406,200403
GBP,2004-02-24,200409,200406
GBP,2004-05-26,200412,200409
GBP,2004-08-26,200503,200412
GBP,2004-11-26,200506,200503
GBP,2005-02-23,200509,200506
GBP,2005-05-26,200512,200509
GBP,2005-08-26,200603,200512
GBP,2005-11-25,200606,200603
GBP,2006-02-23,200609,200606
GBP,2006-05-26,200612,200609
GBP,2006-08-28,200703,200612
GBP,2006-11-27,200706,200703
GBP,2007-02-23,200709,200706
GBP,2007-05-28,200712,200709
GBP,2007-08-28,200803,200712
GBP,2007-11-27,200806,200803
GBP,2008-02-26,200809,200806
GBP,2008-05-28,200812,200809
GBP,2008-08-26,200903,200812
GBP,2008-11-25,200906,200903
GBP,2009-02-24,200909,200906
GBP,2009-05-27,200912,200909
GBP,2009-08-26,201003,200912
GBP,2009-11-25,201006,201003
GBP,2010-02-23,201009,201006
GBP,2010-05-26,201012,201009
GBP,2010-08-26,201103,201012
GBP,2010-11-26,201106,201103
GBP,2011-02-23,201109,201106
GBP,2011-05-26,201112,201109
GBP,2011-08-26,201203,201112
GBP,2011-11-28,201206,201203
GBP,2012-02-24,201209,201206
GBP,2012-05-29,201212,201209
GBP,2012-08-28,201303,201212
GBP,2012-11-27,201306,201303
GBP,2013-02-25,201309,201306
GBP,2013-05-29,201312,201309
GBP,2013-09-16,201403,201312
GBP,2013-12-16,201406,201403
GBP,2014-03-17,201409,201406
GBP,2014-06-13,201412,201409
GBP,2014-09-12,201503,201412
GBP,2014-12-15,201506,201503
GBP,2015-03-10,201509,201506
GBP,2015-06-11,201512,201509
GBP,2015-09-11,201603,201512
GBP,2015-12-10,201606,201603
GBP,2016-03-10,201609,201606
GBP,2016-06-07,201612,201609
GBP,2016-09-12,201703,201612
GBP,2016-12-09,201706,201703
GBP,2017-03-10,201709,201706
GBP,2017-06-09,201712,201709
GOLD,1975-01-02,197504,197502
GOLD,1975-01-20,197508,197506
GOLD,1975-05-20,197512,197510
GOLD,1975-09-17,197602,197512
GOLD,1975-11-18,197604,197602
GOLD,1976-01-20,197608,197606
GOLD,1976-05-18,197612,197610
GOLD,1976-09-17,197702,197612
GOLD,1976-11-17,197704,197702
GOLD,1977-01-18,197708,197706
GOLD,1977-05-18,197712,197710
GOLD,1977-09-19,197802,197712
GOLD,1977-11-17,197804,197802
GOLD,1978-01-18,197808,197806
GOLD,1978-05-18,197812,197810
GOLD,1978-09-19,197902,197812
GOLD,1978-11-17,197904,197902
GOLD,1979-01-18,197908,197906
GOLD,1979-05-18,197912,197910
GOLD,1979-09-18,198002,197912
GOLD,1979-11-19,198004,198002
GOLD,1980-01-18,198102,198012
GOLD,1980-11-18,198104,198102
GOLD,1981-01-20,198108,198106
GOLD,1981-05-19,198112,198110
GOLD,1981-09-17,198202,198112
GOLD,1981-11-17,198204,198202
GOLD,1982-01-19,198208,198206
GOLD,1982-05-18,198212,198210
GOLD,1982-09-17,198302,198212
GOLD,1982-11-17,198304,198302
GOLD,1983-01-18,198308,198306
GOLD,1983-05-18,198312,198310
GOLD,1983-09-19,198402,198312
GOLD,1983-11-17,198404,198402
GOLD,1984-01-18,198408,198406
GOLD,1984-05-18,198412,198410
GOLD,1984-09-18,198502,198412
GOLD,1984-11-19,198504,198502
GOLD,1985-01-18,198508,198506
GOLD,1985-05-20,198512,198510
GOLD,1985-09-17,198602,198512
GOLD,1985-11-19,198604,198602
GOLD,1986-01-20,198608,198606
GOLD,1986-05-20,198612,198610
GOLD,1986-09-17,198702,198612
GOLD,1986-11-18,198704,198702
GOLD,1987-01-20,198708,198706
GOLD,1987-05-19,198712,198710
GOLD,1987-09-17,198802,198712
GOLD,1987-11-17,198804,198802
GOLD,1988-01-19,198808,198806
GOLD,1988-05-18,198812,198810
GOLD,1988-09-19,198902,198812
GOLD,1988-11-17,198904,198902
GOLD,1989-01-18,198908,198906
GOLD,1989-05-18,198912,198910
GOLD,1989-09-19,199002,198912
GOLD,1989-11-17,199004,199002
GOLD,1990-01-18,199008,199006
GOLD,1990-05-18,199012,199010
GOLD,1990-09-18,199102,199012
GOLD,1990-11-19,199104,199102
GOLD,1991-01-18,199108,199106
GOLD,1991-05-20,199112,199110
GOLD,1991-09-17,199202,199112
GOLD,1991-11-19,199204,199202
GOLD,1992-01-20,199208,199206
GOLD,1992-05-19,199212,199210
GOLD,1992-09-17,199302,199212
GOLD,1992-11-17,199304,199302
GOLD,1993-01-19,199308,199306
GOLD,1993-05-18,199312,199310
GOLD,1993-09-17,199402,199312
GOLD,1993-11-17,199404,199402
GOLD,1994-01-18,199408,199406
GOLD,1994-05-18,199412,199410
GOLD,1994-09-19,199502,199412
GOLD,1994-11-17,199504,199502
GOLD,1995-01-18,199508,199506
GOLD,1995-05-18,199512,199510
GOLD,1995-09-19,199602,199512
GOLD,1995-11-17,199604,199602
GOLD,1996-01-18,199608,199606
GOLD,1996-05-20,199612,199610
GOLD,1996-09-17,199702,199612
GOLD,1996-11-19,199704,199702
GOLD,1997-01-20,199708,199706
GOLD,1997-05-20,199712,199710
GOLD,1997-09-17,199802,199712
GOLD,1997-11-18,199804,199802
GOLD,1998-01-21,199808,199806
GOLD,1998-05-19,199812,199810
GOLD,1998-09-17,199902,199812
GOLD,1998-11-17,199904,199902
GOLD,1999-01-20,199908,199906
GOLD,1999-05-18,199912,199910
GOLD,1999-09-17,200002,199912
GOLD,1999-11-17,200004,200002
GOLD,2000-01-19,200008,200006
GOLD,2000-05-18,200012,200010
GOLD,2000-09-19,200102,200012
GOLD,2000-11-17,200104,200102
GOLD,2001-01-18,200108,200106
GOLD,2001-05-18,200112,200110
GOLD,2001-09-18,200202,200112
GOLD,2001-11-19,200204,200202
GOLD,2002-01-18,200208,200206
GOLD,2002-05-20,200212,200210
GOLD,2002-09-17,200302,200212
GOLD,2002-11-19,200304,200302
GOLD,2003-01-21,200308,200306
GOLD,2003-05-20,200312,200310
GOLD,2003-09-17,200402,200312
GOLD,2003-11-18,200404,200402
GOLD,2004-01-21,200408,200406
GOLD,2004-05-18,200412,200410
GOLD,2004-09-17,200502,200412
GOLD,2004-11-17,200504,200502
GOLD,2005-01-19,200508,200506
GOLD,2005-05-18,200512,200510
GOLD,2005-09-19,200602,200512
GOLD,2005-11-17,200604,200602
GOLD,2006-01-18,200608,200606
GOLD,2006-05-18,200612,200610
GOLD,2006-09-19,200702,200612
GOLD,2006-11-17,200704,200702
GOLD,2007-01-18,200708,200706
GOLD,2007-05-18,200712,200710
GOLD,2007-09-18,200802,200712
GOLD,2007-11-19,200804,200802
GOLD,2008-01-18,200808,200806
GOLD,2008-05-20,200812,200810
GOLD,2008-09-17,200902,200812
GOLD,2008-11-18,200904,200902
GOLD,2009-01-21,200908,200906
GOLD,2009-05-19,200912,200910
GOLD,2009-09-17,201002,200912
GOLD,2009-11-17,201004,201002
GOLD,2010-01-20,201008,201006
GOLD,2010-05-18,201012,201010
GOLD,2010-09-17,201102,201012
GOLD,2010-11-17,201104,201102
GOLD,2011-01-19,201108,201106
GOLD,2011-05-18,201112,201110
GOLD,2011-09-19,201202,201112
GOLD,2011-11-17,201204,201202
GOLD,2012-01-18,201208,201206
GOLD,2012-05-18,201212,201210
GOLD,2012-09-18,201302,201212
GOLD,2012-11-19,201304,201302
GOLD,2013-01-18,201308,201306
GOLD,2013-05-20,201312,201310
GOLD,2013-09-27,201402,201312
GOLD,2013-12-10,201404,201402
GOLD,2014-02-21,201408,201406
GOLD,2014-06-13,201412,201410
GOLD,2014-08-07,201502,201412
GOLD,2014-11-28,201504,201502
GOLD,2015-02-06,201508,201506
GOLD,2015-05-29,201510,201508
GOLD,2015-08-03,201602,201512
GOLD,2015-12-02,201604,201602
GOLD,2016-02-04,201608,201606
GOLD,2016-06-06,201610,201608
GOLD,2016-08-11,201702,201612
GOLD,2016-12-02,201704,201702
GOLD,2017-02-06,201708,201706
GOLD,2017-06-05,201710,201708
JPY,1976-08-03,197706,197703
JPY,1977-02-23,197709,197706
JPY,1977-05-26,197712,197709
JPY,1977-08-26,197803,197712
JPY,1977-11-28,197806,197803
JPY,1978-02-23,197809,197806
JPY,1978-05-26,197812,197809
JPY,1978-08-28,197903,197812
JPY,1978-11-28,197906,197903
JPY,1979-02-23,197909,197906
JPY,1979-05-29,197912,197909
JPY,1979-08-28,198003,197912
JPY,1979-11-27,198006,198003
JPY,1980-02-26,198009,198006
JPY,1980-05-28,198012,198009
JPY,1980-08-26,198103,198012
JPY,1980-11-25,198106,198103
JPY,1981-02-24,198109,198106
JPY,1981-05-27,198112,198109
JPY,1981-08-26,198203,198112
JPY,1981-11-25,198206,198203
JPY,1982-02-23,198209,198206
JPY,1982-05-26,198212,198209
JPY,1982-08-26,198303,198212
JPY,1982-11-26,198306,198303
JPY,1983-02-23,198309,198306
JPY,1983-05-26,198312,198309
JPY,1983-08-26,198403,198312
JPY,1983-11-29,198406,198403
JPY,1984-02-24,198409,198406
JPY,1984-05-29,198412,198409
JPY,1984-08-28,198503,198412
JPY,1984-11-27,198506,198503
JPY,1985-02-25,198509,198506
JPY,1985-05-29,198512,198509
JPY,1985-08-27,198603,198512
JPY,1985-11-26,198606,198603
JPY,1986-02-25,198609,198606
JPY,1986-05-28,198612,198609
JPY,1986-08-26,198703,198612
JPY,1986-11-25,198706,198703
JPY,1987-02-24,198709,198706
JPY,1987-05-27,198712,198709
JPY,1987-08-26,198803,198712
JPY,1987-11-25,198806,198803
JPY,1988-02-24,198809,198806
JPY,1988-05-26,198812,198809
JPY,1988-08-26,198903,198812
JPY,1988-11-28,198906,198903
JPY,1989-02-23,198909,198906
JPY,1989-05-26,198912,198909
JPY,1989-08-28,199003,198912
JPY,1989-11-27,199006,199003
JPY,1990-02-23,199009,199006
JPY,1990-05-29,199012,199009
JPY,1990-08-28,199103,199012
JPY,1990-11-27,199106,199103
JPY,1991-02-25,199109,199106
JPY,1991-05-29,199112,199109
JPY,1991-08-27,199203,199112
JPY,1991-11-26,199206,199203
JPY,1992-02-25,199209,199206
JPY,1992-05-27,199212,199209
JPY,1992-08-26,199303,199212
JPY,1992-11-25,199306,199303
JPY,1993-02-23,199309,199306
JPY,1993-05-26,199312,199309
JPY,1993-08-26,199403,199312
JPY,1993-11-26,199406,199403
JPY,1994-02-23,199409,199406
JPY,1994-05-26,199412,199409
JPY,1994-08-26,199503,199412
JPY,1994-11-28,199506,199503
JPY,1995-02-23,199509,199506
JPY,1995-05-26,199512,199509
JPY,1995-08-28,199603,199512
JPY,1995-11-27,199606,199603
JPY,1996-02-26,199609,199606
JPY,1996-05-29,199612,199609
JPY,1996-08-27,199703,199612
JPY,1996-11-26,199706,199703
JPY,1997-02-25,199709,199706
JPY,1997-05-28,199712,199709
JPY,1997-08-26,199803,199712
JPY,1997-11-25,199806,199803
JPY,1998-02-24,199809,199806
JPY,1998-05-27,199812,199809
JPY,1998-08-26,199903,199812
JPY,1998-11-25,199906,199903
JPY,1999-02-23,199909,199906
JPY,1999-05-26,199912,199909
JPY,1999-08-26,200003,199912
JPY,1999-11-26,200006,200003
JPY,2000-02-24,200009,200006
JPY,2000-05-26,200012,200009
JPY,2000-08-28,200103,200012
JPY,2000-11-27,200106,200103
JPY,2001-02-23,200109,200106
JPY,2001-05-29,200112,200109
JPY,2001-08-28,200203,200112
JPY,2001-11-27,200206,200203
JPY,2002-02-25,200209,200206
JPY,2002-05-29,200212,200209
JPY,2002-08-27,200303,200212
JPY,2002-11-26,200306,200303
JPY,2003-02-25,200309,200306
JPY,2003-05-28,200312,200309
JPY,2003-08-26,200403,200312
JPY,2003-11-25,200406,200403
JPY,2004-02-24,200409,200406
JPY,2004-05-26,200412,200409
JPY,2004-08-26,200503,200412
JPY,2004-11-26,200506,200503
JPY,2005-02-23,200509,200506
JPY,2005-05-26,200512,200509
JPY,2005-08-26,200603,200512
JPY,2005-11-25,200606,200603
JPY,2006-02-23,200609,200606
JPY,2006-05-26,200612,200609
JPY,2006-08-28,200703,200612
JPY,2006-11-27,200706,200703
JPY,2007-02-23,200709,200706
JPY,2007-05-28,200712,200709
JPY,2007-08-28,200803,200712
JPY,2007-11-27,200806,200803
JPY,2008-02-26,200809,200806
JPY,2008-05-28,200812,200809
JPY,2008-08-26,200903,200812
JPY,2008-11-25,200906,200903
JPY,2009-02-24,200909,200906
JPY,2009-05-27,200912,200909
JPY,2009-08-26,201003,200912
JPY,2009-11-25,201006,201003
JPY,2010-02-23,201009,201006
JPY,2010-05-26,201012,201009
JPY,2010-08-26,201103,201012
JPY,2010-11-26,201106,201103
JPY,2011-02-23,201109,201106
JPY,2011-05-26,201112,201109
JPY,2011-08-26,201203,201112
JPY,2011-11-28,201206,201203
JPY,2012-02-24,201209,201206
JPY,2012-05-29,201212,201209
JPY,2012-08-28,201303,201212
JPY,2012-11-27,201306,201303
JPY,2013-02-25,201309,201306
JPY,2013-05-29,201312,201309
JPY,2013-09-16,201403,201312
JPY,2013-12-13,201406,201403
JPY,2014-03-17,201409,201406
JPY,2014-06-13,201412,201409
JPY,2014-09-12,201503,201412
JPY,2014-12-15,201506,201503
JPY,2015-03-10,201509,201506
JPY,2015-06-11,201512,201509
JPY,2015-09-11,201603,201512
JPY,2015-12-11,201606,201603
JPY,2016-03-10,201609,201606
JPY,2016-06-07,201612,201609
JPY,2016-09-12,201703,201612
JPY,2016-12-09,201706,201703
JPY,2017-03-10,201709,201706
JPY,2017-06-09,201712,201709
KOSPI,2012-12-27,201403,201312
KOSPI,2013-12-06,201406,201403
KOSPI,2014-03-11,201409,201406
KOSPI,2014-06-12,201412,201409
KOSPI,2014-09-11,201503,201412
KOSPI,2014-12-11,201506,201503
KOSPI,2015-03-10,201509,201506
KOSPI,2015-06-09,201512,201509
KOSPI,2015-09-07,201603,201512
KOSPI,2015-12-07,201606,201603
KOSPI,2016-03-07,201609,201606
KOSPI,2016-06-03,201612,201609
KOSPI,2016-09-05,201703,201612
KOSPI,2016-12-07,201706,201703
KOSPI,2017-03-07,201709,201706
KOSPI,2017-06-02,201712,201709
KR10,2013-06-21,201403,201312
KR10,2013-12-16,201406,201403
KR10,2014-03-18,201409,201406
KR10,2014-06-17,201412,201409
KR10,2014-09-16,201503,201412
KR10,2014-12-16,201506,201503
KR10,2015-03-13,201509,201506
KR10,2015-06-12,201512,201509
KR10,2015-09-15,201603,201512
KR10,2015-12-11,201606,201603
KR10,2016-03-14,201609,201606
KR10,2016-06-20,201612,201609
KR10,2016-09-13,201703,201612
KR10,2016-12-19,201706,201703
KR10,2017-03-21,201709,201706
KR10,2017-06-20,201712,201709
KR3,2013-09-10,201403,201312
KR3,2013-12-16,201406,201403
KR3,2014-03-18,201409,201406
KR3,2014-06-17,201412,201409
KR3,2014-09-16,201503,201412
KR3,2014-12-16,201506,201503
KR3,2015-03-13,201509,201506
KR3,2015-06-16,201512,201509
KR3,2015-09-15,201603,201512
KR3,2015-12-14,201606,201603
KR3,2016-03-14,201609,201606
KR3,2016-06-20,201612,201609
KR3,2016-09-19,201703,201612
KR3,2016-12-19,201706,201703
KR3,2017-03-21,201709,201706
KR3,2017-06-20,201712,201709
LEANHOG,1989-04-24,199007,199006
LEANHOG,1990-04-25,199107,199106
LEANHOG,1991-04-30,199207,199206
LEANHOG,1992-05-12,199307,199306
LEANHOG,1993-04-29,199407,199406
LEANHOG,1994-03-21,199507,199506
LEANHOG,1995-03-21,199607,199606
LEANHOG,1996-03-19,199707,199706
LEANHOG,1997-03-19,199807,199806
LEANHOG,1998-03-19,199907,199906
LEANHOG,1999-03-19,200007,200006
LEANHOG,2000-03-21,200107,200106
LEANHOG,2001-06-06,200207,200206
LEANHOG,2002-05-28,200307,200306
LEANHOG,2003-04-22,200407,200406
LEANHOG,2004-05-20,200507,200506
LEANHOG,2005-05-19,200607,200606
LEANHOG,2006-05-22,200707,200706
LEANHOG,2007-05-21,200807,200806
LEANHOG,2008-04-17,200907,200906
LEANHOG,2009-03-19,201007,201006
LEANHOG,2010-03-19,201107,201106
LEANHOG,2011-03-21,201207,201206
LEANHOG,2012-03-20,201307,201306
LEANHOG,2013-06-18,201407,201406
LEANHOG,2014-06-10,201507,201506
LEANHOG,2015-06-05,201607,201606
LEANHOG,2016-06-10,201707,201706
LEANHOG,2017-06-10,201807,201806
LIVECOW,1999-09-08,200008,200010
LIVECOW,2000-09-05,200108,200110
LIVECOW,2001-09-06,200208,200210
LIVECOW,2002-09-11,200308,200310
LIVECOW,2003-09-09,200408,200410
LIVECOW,2004-09-08,200508,200510
LIVECOW,2005-09-13,200608,200610
LIVECOW,2006-09-05,200708,200710
LIVECOW,2007-09-18,200808,200810
LIVECOW,2008-07-21,200908,200910
LIVECOW,2009-07-21,201008,201010
LIVECOW,2010-07-20,201108,201110
LIVECOW,2011-07-19,201208,201210
LIVECOW,2012-10-31,201308,201310
LIVECOW,2013-10-31,201408,201410
LIVECOW,2014-10-10,201508,201510
LIVECOW,2015-09-04,201608,201610
LIVECOW,2016-09-02,201708,201710
LIVECOW,2017-09-01,201808,201810
MXP,1995-04-26,199509,199506
MXP,1995-05-26,199512,199509
MXP,1995-08-28,199603,199512
MXP,1995-11-27,199606,199603
MXP,1996-02-26,199609,199606
MXP,1996-05-29,199612,199609
MXP,1996-08-27,199703,199612
MXP,1996-11-26,199706,199703
MXP,1997-02-25,199709,199706
MXP,1997-05-28,199712,199709
MXP,1997-08-26,199803,199712
MXP,1997-11-25,199806,199803
MXP,1998-02-24,199809,199806
MXP,1998-05-27,199812,199809
MXP,1998-08-26,199903,199812
MXP,1998-11-25,199906,199903
MXP,1999-02-23,199909,199906
MXP,1999-05-26,199912,199909
MXP,1999-08-26,200003,199912
MXP,1999-11-26,200006,200003
MXP,2000-02-24,200009,200006
MXP,2000-05-26,200012,200009
MXP,2000-08-28,200103,200012
MXP,2000-11-27,200106,200103
MXP,2001-02-23,200109,200106
MXP,2001-05-29,200112,200109
MXP,2001-08-28,200203,200112
MXP,2001-11-27,200206,200203
MXP,2002-02-25,200209,200206
MXP,2002-05-29,200212,200209
MXP,2002-08-27,200303,200212
MXP,2002-11-26,200306,200303
MXP,2003-02-25,200309,200306
MXP,2003-05-28,200312,200309
MXP,2003-08-26,200403,200312
MXP,2003-11-25,200406,200403
MXP,2004-02-24,200409,200406
MXP,2004-05-26,200412,200409
MXP,2004-08-26,200503,200412
MXP,2004-11-26,200506,200503
MXP,2005-02-23,200509,200506
MXP,2005-05-26,200512,200509
MXP,2005-08-26,200603,200512
MXP,2005-11-28,200606,200603
MXP,2006-02-23,200609,200606
MXP,2006-05-26,200612,200609
MXP,2006-08-28,200703,200612
MXP,2006-11-27,200706,200703
MXP,2007-02-23,200709,200706
MXP,2007-05-29,200712,200709
MXP,2007-08-28,200803,200712
MXP,2007-11-27,200806,200803
MXP,2008-02-26,200809,200806
MXP,2008-05-28,200812,200809
MXP,2008-08-26,200903,200812
MXP,2008-11-25,200906,200903
MXP,2009-02-24,200909,200906
MXP,2009-05-27,200912,200909
MXP,2009-08-26,201003,200912
MXP,2009-11-25,201006,201003
MXP,2010-02-23,201009,201006
MXP,2010-05-26,201012,201009
MXP,2010-08-26,201103,201012
MXP,2010-11-26,201106,201103
MXP,2011-02-23,201109,201106
MXP,2011-05-26,201112,201109
MXP,2011-08-26,201203,201112
MXP,2011-11-28,201206,201203
MXP,2012-02-24,201209,201206
MXP,2012-05-29,201212,201209
MXP,2012-08-28,201303,201212
MXP,2012-11-27,201306,201303
MXP,2013-02-25,201309,201306
MXP,2013-05-29,201312,201309
MXP,2013-09-16,201403,201312
MXP,2013-12-13,201406,201403
MXP,2014-03-17,201409,201406
MXP,2014-06-10,201412,201409
MXP,2014-09-12,201503,201412
MXP,2014-12-12,201506,201503
MXP,2015-03-10,201509,201506
MXP,2015-06-11,201512,201509
MXP,2015-09-11,201603,201512
MXP,2015-12-11,201606,201603
MXP,2016-03-11,201609,201606
MXP,2016-06-10,201612,201609
MXP,2016-09-14,201703,201612
MXP,2016-12-09,201706,201703
MXP,2017-03-10,201709,201706
MXP,2017-06-09,201712,201709
NASDAQ,1999-06-23,199912,199909
NASDAQ,1999-09-07,200003,199912
NASDAQ,1999-11-26,200006,200003
NASDAQ,2000-02-24,200009,200006
NASDAQ,2000-05-26,200012,200009
NASDAQ,2000-08-28,200103,200012
NASDAQ,2000-11-27,200106,200103
NASDAQ,2001-02-23,200109,200106
NASDAQ,2001-05-29,200112,200109
NASDAQ,2001-08-28,200203,200112
NASDAQ,2001-11-27,200206,200203
NASDAQ,2002-02-25,200209,200206
NASDAQ,2002-05-29,200212,200209
NASDAQ,2002-08-27,200303,200212
NASDAQ,2002-11-26,200306,200303
NASDAQ,2003-02-25,200309,200306
NASDAQ,2003-05-28,200312,200309
NASDAQ,2003-08-26,200403,200312
NASDAQ,2003-11-25,200406,200403
NASDAQ,2004-02-24,200409,200406
NASDAQ,2004-05-26,200412,200409
NASDAQ,2004-08-26,200503,200412
NASDAQ,2004-11-26,200506,200503
NASDAQ,2005-02-23,200509,200506
NASDAQ,2005-05-26,200512,200509
NASDAQ,2005-08-26,200603,200512
NASDAQ,2005-11-25,200606,200603
NASDAQ,2006-02-23,200609,200606
NASDAQ,2006-05-26,200612,200609
NASDAQ,2006-08-28,200703,200612
NASDAQ,2006-11-27,200706,200703
NASDAQ,2007-02-23,200709,200706
NASDAQ,2007-05-28,200712,200709
NASDAQ,2007-08-28,200803,200712
NASDAQ,2007-11-27,200806,200803
NASDAQ,2008-02-26,200809,200806
NASDAQ,2008-05-27,200812,200809
NASDAQ,2008-08-26,200903,200812
NASDAQ,2008-11-25,200906,200903
NASDAQ,2009-02-24,200909,200906
NASDAQ,2009-05-26,200912,200909
NASDAQ,2009-08-26,201003,200912
NASDAQ,2009-11-25,201006,201003
NASDAQ,2010-02-23,201009,201006
NASDAQ,2010-05-26,201012,201009
NASDAQ,2010-08-26,201103,201012
NASDAQ,2010-11-25,201106,201103
NASDAQ,2011-02-23,201109,201106
NASDAQ,2011-05-26,201112,201109
NASDAQ,2011-08-26,201203,201112
NASDAQ,2011-11-25,201206,201203
NASDAQ,2012-02-24,201209,201206
NASDAQ,2012-05-28,201212,201209
NASDAQ,2012-08-28,201303,201212
NASDAQ,2012-11-27,201306,201303
NASDAQ,2013-02-25,201309,201306
NASDAQ,2013-05-29,201312,201309
NASDAQ,2013-09-20,201403,201312
NASDAQ,2013-12-18,201406,201403
NASDAQ,2014-03-18,201409,201406
NASDAQ,2014-06-18,201412,201409
NASDAQ,2014-09-17,201503,201412
NASDAQ,2014-12-19,201506,201503
NASDAQ,2015-03-12,201509,201506
NASDAQ,2015-06-12,201512,201509
NASDAQ,2015-09-10,201603,201512
NASDAQ,2015-12-11,201606,201603
NASDAQ,2016-03-11,201609,201606
NASDAQ,2016-06-13,201612,201609
NASDAQ,2016-09-09,201703,201612
NASDAQ,2016-12-09,201706,201703
NASDAQ,2017-03-09,201709,201706
NASDAQ,2017-06-09,201712,201709
NZD,2004-09-03,200503,200412
NZD,2004-11-26,200506,200503
NZD,2005-02-23,200509,200506
NZD,2005-05-26,200512,200509
NZD,2005-08-26,200603,200512
NZD,2005-11-28,200606,200603
NZD,2006-02-23,200609,200606
NZD,2006-05-26,200612,200609
NZD,2006-08-28,200703,200612
NZD,2006-11-27,200706,200703
NZD,2007-02-26,200709,200706
NZD,2007-05-29,200712,200709
NZD,2007-08-29,200803,200712
NZD,2007-11-27,200806,200803
NZD,2008-02-26,200809,200806
NZD,2008-06-12,200812,200809
NZD,2008-09-08,200903,200812
NZD,2008-12-12,200906,200903
NZD,2009-03-02,200909,200906
NZD,2009-06-03,200912,200909
NZD,2009-08-26,201003,200912
NZD,2009-11-25,201006,201003
NZD,2010-02-23,201009,201006
NZD,2010-05-26,201012,201009
NZD,2010-08-26,201103,201012
NZD,2010-11-26,201106,201103
NZD,2011-02-23,201109,201106
NZD,2011-05-26,201112,201109
NZD,2011-08-26,201203,201112
NZD,2011-11-28,201206,201203
NZD,2012-02-24,201209,201206
NZD,2012-05-29,201212,201209
NZD,2012-08-28,201303,201212
NZD,2012-11-27,201306,201303
NZD,2013-02-25,201309,201306
NZD,2013-05-29,201312,201309
NZD,2013-09-16,201403,201312
NZD,2013-12-13,201406,201403
NZD,2014-03-17,201409,201406
NZD,2014-06-13,201412,201409
NZD,2014-09-12,201503,201412
NZD,2014-12-12,201506,201503
NZD,2015-03-10,201509,201506
NZD,2015-06-11,201512,201509
NZD,2015-09-11,201603,201512
NZD,2015-12-07,201606,201603
NZD,2016-03-10,201609,201606
NZD,2016-06-07,201612,201609
NZD,2016-09-16,201703,201612
NZD,2016-12-09,201706,201703
NZD,2017-03-10,201709,201706
NZD,2017-06-09,201712,201709
OAT,2013-05-14,201403,201312
OAT,2013-12-06,201406,201403
OAT,2014-03-04,201409,201406
OAT,2014-06-02,201412,201409
OAT,2014-09-05,201503,201412
OAT,2014-12-05,201506,201503
OAT,2015-03-02,201509,201506
OAT,2015-05-21,201512,201509
OAT,2015-08-31,201603,201512
OAT,2015-12-01,201606,201603
OAT,2016-03-02,201609,201606
OAT,2016-06-06,201612,201609
OAT,2016-09-05,201703,201612
OAT,2016-12-01,201706,201703
OAT,2017-03-01,201709,201706
OAT,2017-06-05,201712,201709
PALLAD,2003-06-23,200406,200403
PALLAD,2004-02-18,200409,200406
PALLAD,2004-05-18,200412,200409
PALLAD,2004-08-23,200503,200412
PALLAD,2004-11-17,200506,200503
PALLAD,2005-02-15,200509,200506
PALLAD,2005-05-18,200512,200509
PALLAD,2005-08-18,200603,200512
PALLAD,2005-11-17,200606,200603
PALLAD,2006-02-15,200609,200606
PALLAD,2006-05-18,200612,200609
PALLAD,2006-08-18,200703,200612
PALLAD,2006-12-06,200706,200703
PALLAD,2007-02-15,200709,200706
PALLAD,2007-05-18,200712,200709
PALLAD,2007-08-20,200803,200712
PALLAD,2007-11-19,200806,200803
PALLAD,2008-02-18,200809,200806
PALLAD,2008-05-20,200812,200809
PALLAD,2008-08-19,200903,200812
PALLAD,2008-11-18,200906,200903
PALLAD,2009-02-17,200909,200906
PALLAD,2009-05-19,200912,200909
PALLAD,2009-08-18,201003,200912
PALLAD,2009-11-17,201006,201003
PALLAD,2010-02-17,201009,201006
PALLAD,2010-05-18,201012,201009
PALLAD,2010-08-18,201103,201012
PALLAD,2010-11-17,201106,201103
PALLAD,2011-02-15,201109,201106
PALLAD,2011-05-18,201112,201109
PALLAD,2011-08-18,201203,201112
PALLAD,2011-11-17,201206,201203
PALLAD,2012-02-16,201209,201206
PALLAD,2012-05-18,201212,201209
PALLAD,2012-08-20,201303,201212
PALLAD,2012-11-19,201306,201303
PALLAD,2013-02-15,201309,201306
PALLAD,2013-05-20,201312,201309
PALLAD,2013-09-26,201403,201312
PALLAD,2013-12-10,201406,201403
PALLAD,2014-03-06,201409,201406
PALLAD,2014-05-30,201412,201409
PALLAD,2014-08-29,201503,201412
PALLAD,2014-11-28,201506,201503
PALLAD,2015-02-27,201509,201506
PALLAD,2015-05-29,201512,201509
PALLAD,2015-09-04,201603,201512
PALLAD,2015-12-02,201606,201603
PALLAD,2016-02-29,201609,201606
PALLAD,2016-06-01,201612,201609
PALLAD,2016-08-30,201703,201612
PALLAD,2016-12-02,201706,201703
PALLAD,2017-02-28,201709,201706
PALLAD,2017-06-01,201712,201709
PLAT,2006-11-13,200704,200701
PLAT,2006-12-19,200707,200704
PLAT,2007-03-20,200710,200707
PLAT,2007-06-19,200801,200710
PLAT,2007-09-18,200804,200801
PLAT,2007-12-18,200807,200804
PLAT,2008-03-18,200810,200807
PLAT,2008-06-17,200901,200810
PLAT,2008-09-17,200904,200901
PLAT,2008-12-18,200907,200904
PLAT,2009-03-18,200910,200907
PLAT,2009-06-17,201001,200910
PLAT,2009-09-17,201004,201001
PLAT,2009-12-18,201007,201004
PLAT,2010-03-18,201010,201007
PLAT,2010-06-17,201101,201010
PLAT,2010-09-17,201104,201101
PLAT,2010-12-20,201107,201104
PLAT,2011-03-18,201110,201107
PLAT,2011-06-17,201201,201110
PLAT,2011-09-19,201204,201201
PLAT,2011-12-20,201207,201204
PLAT,2012-03-20,201210,201207
PLAT,2012-06-19,201301,201210
PLAT,2012-09-18,201304,201301
PLAT,2012-12-18,201307,201304
PLAT,2013-03-19,201310,201307
PLAT,2013-06-18,201401,201310
PLAT,2013-10-18,201404,201401
PLAT,2014-01-03,201407,201404
PLAT,2014-03-28,201410,201407
PLAT,2014-06-30,201504,201501
PLAT,2014-12-19,201507,201504
PLAT,2015-04-01,201510,201507
PLAT,2015-06-30,201601,201510
PLAT,2015-09-30,201604,201601
PLAT,2015-12-31,201607,201604
PLAT,2016-03-31,201610,201607
PLAT,2016-06-29,201701,201610
PLAT,2016-09-29,201704,201701
PLAT,2016-12-30,201707,201704
PLAT,2017-03-31,201710,201707
PLAT,2017-06-29,201801,201710
SMI,2013-03-22,201403,201312
SMI,2013-12-18,201406,201403
SMI,2014-03-17,201409,201406
SMI,2014-06-18,201412,201409
SMI,2014-09-17,201503,201412
SMI,2014-12-19,201506,201503
SMI,2015-03-13,201509,201506
SMI,2015-06-15,201512,201509
SMI,2015-09-14,201603,201512
SMI,2015-12-11,201606,201603
SMI,2016-03-14,201609,201606
SMI,2016-06-13,201612,201609
SMI,2016-09-12,201703,201612
SMI,2016-12-09,201706,201703
SMI,2017-03-13,201709,201706
SMI,2017-06-12,201712,201709
SOYBEAN,2000-01-04,200009,200011
SOYBEAN,2000-08-21,200109,200111
SOYBEAN,2001-08-21,200209,200211
SOYBEAN,2002-08-20,200309,200311
SOYBEAN,2003-08-19,200409,200411
SOYBEAN,2004-08-19,200509,200511
SOYBEAN,2005-08-19,200609,200611
SOYBEAN,2006-08-21,200709,200711
SOYBEAN,2007-08-21,200809,200811
SOYBEAN,2008-08-19,200909,200911
SOYBEAN,2009-08-19,201009,201011
SOYBEAN,2010-08-19,201109,201111
SOYBEAN,2011-08-19,201209,201211
SOYBEAN,2012-08-21,201309,201311
SOYBEAN,2013-11-14,201409,201411
SOYBEAN,2014-10-10,201509,201511
SOYBEAN,2015-09-15,201609,201611
SOYBEAN,2016-09-12,201709,201711
SOYBEAN,2017-09-14,201809,201811
SP500,1997-09-10,199803,199712
SP500,1997-11-25,199806,199803
SP500,1998-02-24,199809,199806
SP500,1998-05-27,199812,199809
SP500,1998-08-26,199903,199812
SP500,1998-11-25,199906,199903
SP500,1999-02-23,199909,199906
SP500,1999-05-26,199912,199909
SP500,1999-08-26,200003,199912
SP500,1999-11-26,200006,200003
SP500,2000-02-24,200009,200006
SP500,2000-05-26,200012,200009
SP500,2000-08-28,200103,200012
SP500,2000-11-27,200106,200103
SP500,2001-02-23,200109,200106
SP500,2001-05-29,200112,200109
SP500,2001-08-28,200203,200112
SP500,2001-11-27,200206,200203
SP500,2002-02-25,200209,200206
SP500,2002-05-29,200212,200209
SP500,2002-08-27,200303,200212
SP500,2002-11-26,200306,200303
SP500,2003-02-25,200309,200306
SP500,2003-05-28,200312,200309
SP500,2003-08-26,200403,200312
SP500,2003-11-25,200406,200403
SP500,2004-02-24,200409,200406
SP500,2004-05-26,200412,200409
SP500,2004-08-26,200503,200412
SP500,2004-11-26,200506,200503
SP500,2005-02-23,200509,200506
SP500,2005-05-26,200512,200509
SP500,2005-08-26,200603,200512
SP500,2005-11-25,200606,200603
SP500,2006-02-23,200609,200606
SP500,2006-05-26,200612,200609
SP500,2006-08-28,200703,200612
SP500,2006-11-27,200706,200703
SP500,2007-02-23,200709,200706
SP500,2007-05-28,200712,200709
SP500,2007-08-28,200803,200712
SP500,2007-11-27,200806,200803
SP500,2008-02-26,200809,200806
SP500,2008-05-27,200812,200809
SP500,2008-08-26,200903,200812
SP500,2008-11-25,200906,200903
SP500,2009-02-24,200909,200906
SP500,2009-05-26,200912,200909
SP500,2009-08-26,201003,200912
SP500,2009-11-25,201006,201003
SP500,2010-02-23,201009,201006
SP500,2010-05-26,201012,201009
SP500,2010-08-26,201103,201012
SP500,2010-11-25,201106,201103
SP500,2011-02-23,201109,201106
SP500,2011-05-26,201112,201109
SP500,2011-08-26,201203,201112
SP500,2011-11-25,201206,201203
SP500,2012-02-24,201209,201206
SP500,2012-05-28,201212,201209
SP500,2012-08-28,201303,201212
SP500,2012-11-27,201306,201303
SP500,2013-02-25,201309,201306
SP500,2013-05-29,201312,201309
SP500,2013-09-20,201403,201312
SP500,2013-12-13,201406,201403
SP500,2014-03-21,201409,201406
SP500,2014-06-18,201412,201409
SP500,2014-09-18,201503,201412
SP500,2014-12-19,201506,201503
SP500,2015-03-12,201509,201506
SP500,2015-06-12,201512,201509
SP500,2015-09-10,201603,201512
SP500,2015-12-11,201606,201603
SP500,2016-03-11,201609,201606
SP500,2016-06-14,201612,201609
SP500,2016-09-09,201703,201612
SP500,2016-12-09,201706,201703
SP500,2017-03-10,201709,201706
SP500,2017-06-09,201712,201709
US10,1982-05-04,198212,198209
US10,1982-07-27,198303,198212
US10,1982-10-26,198306,198303
US10,1983-01-25,198309,198306
US10,1983-04-26,198312,198309
US10,1983-07-27,198403,198312
US10,1983-10-26,198406,198403
US10,1984-01-25,198409,198406
US10,1984-04-26,198412,198409
US10,1984-07-27,198503,198412
US10,1984-10-26,198506,198503
US10,1985-01-24,198509,198506
US10,1985-04-26,198512,198509
US10,1985-07-29,198603,198512
US10,1985-10-28,198606,198603
US10,1986-01-24,198609,198606
US10,1986-04-28,198612,198609
US10,1986-07-29,198703,198612
US10,1986-10-28,198706,198703
US10,1987-01-26,198709,198706
US10,1987-04-28,198712,198709
US10,1987-07-28,198803,198712
US10,1987-10-27,198806,198803
US10,1988-01-26,198809,198806
US10,1988-04-26,198812,198809
US10,1988-07-27,198903,198812
US10,1988-10-26,198906,198903
US10,1989-01-24,198909,198906
US10,1989-04-26,198912,198909
US10,1989-07-27,199003,198912
US10,1989-10-26,199006,199003
US10,1990-01-24,199009,199006
US10,1990-04-26,199012,199009
US10,1990-07-27,199103,199012
US10,1990-10-26,199106,199103
US10,1991-01-24,199109,199106
US10,1991-04-26,199112,199109
US10,1991-07-29,199203,199112
US10,1991-10-28,199206,199203
US10,1992-01-27,199209,199206
US10,1992-04-28,199212,199209
US10,1992-07-28,199303,199212
US10,1992-10-27,199306,199303
US10,1993-01-26,199309,199306
US10,1993-04-27,199312,199309
US10,1993-07-27,199403,199312
US10,1993-10-26,199406,199403
US10,1994-01-25,199409,199406
US10,1994-04-26,199412,199409
US10,1994-07-27,199503,199412
US10,1994-10-26,199506,199503
US10,1995-01-24,199509,199506
US10,1995-04-26,199512,199509
US10,1995-07-27,199603,199512
US10,1995-10-26,199606,199603
US10,1996-01-25,199609,199606
US10,1996-04-26,199612,199609
US10,1996-07-29,199703,199612
US10,1996-10-28,199706,199703
US10,1997-01-24,199709,199706
US10,1997-04-28,199712,199709
US10,1997-07-29,199803,199712
US10,1997-10-28,199806,199803
US10,1998-01-26,199809,199806
US10,1998-04-28,199812,199809
US10,1998-07-28,199903,199812
US10,1998-10-27,199906,199903
US10,1999-01-26,199909,199906
US10,1999-04-27,199912,199909
US10,1999-07-27,200003,199912
US10,1999-10-26,200006,200003
US10,2000-01-25,200009,200006
US10,2000-04-26,200012,200009
US10,2000-07-27,200103,200012
US10,2000-10-26,200106,200103
US10,2001-01-24,200109,200106
US10,2001-04-26,200112,200109
US10,2001-07-27,200203,200112
US10,2001-10-26,200206,200203
US10,2002-01-24,200209,200206
US10,2002-04-26,200212,200209
US10,2002-07-29,200303,200212
US10,2002-10-28,200306,200303
US10,2003-01-24,200309,200306
US10,2003-04-28,200312,200309
US10,2003-07-29,200403,200312
US10,2003-10-28,200406,200403
US10,2004-01-27,200409,200406
US10,2004-04-27,200412,200409
US10,2004-07-27,200503,200412
US10,2004-10-26,200506,200503
US10,2005-01-25,200509,200506
US10,2005-04-26,200512,200509
US10,2005-07-27,200603,200512
US10,2005-10-26,200606,200603
US10,2006-01-24,200609,200606
US10,2006-04-26,200612,200609
US10,2006-07-27,200703,200612
US10,2006-10-26,200706,200703
US10,2007-01-24,200709,200706
US10,2007-04-26,200712,200709
US10,2007-07-27,200803,200712
US10,2007-10-26,200806,200803
US10,2008-01-25,200809,200806
US10,2008-04-28,200812,200809
US10,2008-07-29,200903,200812
US10,2008-10-28,200906,200903
US10,2009-01-26,200909,200906
US10,2009-04-28,200912,200909
US10,2009-07-28,201003,200912
US10,2009-10-27,201006,201003
US10,2010-01-26,201009,201006
US10,2010-04-27,201012,201009
US10,2010-07-27,201103,201012
US10,2010-10-26,201106,201103
US10,2011-01-25,201109,201106
US10,2011-04-26,201112,201109
US10,2011-07-27,201203,201112
US10,2011-10-26,201206,201203
US10,2012-01-25,201209,201206
US10,2012-04-26,201212,201209
US10,2012-07-27,201303,201212
US10,2012-10-26,201306,201303
US10,2013-01-24,201309,201306
US10,2013-04-26,201312,201309
US10,2013-07-29,201403,201312
US10,2013-12-06,201406,201403
US10,2014-03-06,201409,201406
US10,2014-05-27,201412,201409
US10,2014-08-25,201503,201412
US10,2014-11-28,201506,201503
US10,2015-02-24,201509,201506
US10,2015-05-20,201512,201509
US10,2015-08-31,201603,201512
US10,2015-11-20,201606,201603
US10,2016-02-23,201609,201606
US10,2016-05-20,201612,201609
US10,2016-08-30,201703,201612
US10,2016-11-23,201706,201703
US10,2017-02-23,201709,201706
US10,2017-05-23,201712,201709
US10,2017-08-23,201803,201712
US2,2007-10-02,200803,200712
US2,2007-10-26,200806,200803
US2,2008-01-25,200809,200806
US2,2008-04-28,200812,200809
US2,2008-07-29,200903,200812
US2,2008-10-28,200906,200903
US2,2009-01-26,200909,200906
US2,2009-04-28,200912,200909
US2,2009-07-28,201003,200912
US2,2009-10-27,201006,201003
US2,2010-01-26,201009,201006
US2,2010-04-27,201012,201009
US2,2010-07-27,201103,201012
US2,2010-10-26,201106,201103
US2,2011-01-25,201109,201106
US2,2011-04-26,201112,201109
US2,2011-07-28,201203,201112
US2,2011-10-26,201206,201203
US2,2012-01-25,201209,201206
US2,2012-04-26,201212,201209
US2,2012-07-27,201303,201212
US2,2012-10-26,201306,201303
US2,2013-01-24,201309,201306
US2,2013-04-26,201312,201309
US2,2013-09-30,201403,201312
US2,2013-12-11,201406,201403
US2,2014-03-06,201409,201406
US2,2014-05-27,201412,201409
US2,2014-08-25,201503,201412
US2,2014-11-28,201506,201503
US2,2015-02-24,201509,201506
US2,2015-05-21,201512,201509
US2,2015-08-31,201603,201512
US2,2015-11-23,201606,201603
US2,2016-02-23,201609,201606
US2,2016-05-23,201612,201609
US2,2016-08-30,201703,201612
US2,2016-11-23,201706,201703
US2,2017-02-23,201709,201706
US2,2017-05-23,201712,201709
US2,2017-08-23,201803,201712
US20,1977-08-23,197806,197803
US20,1978-01-24,197809,197806
US20,1978-04-26,197812,197809
US20,1978-07-27,197903,197812
US20,1978-10-26,197906,197903
US20,1979-01-24,197909,197906
US20,1979-04-26,197912,197909
US20,1979-07-27,198003,197912
US20,1979-10-26,198006,198003
US20,1980-01-25,198009,198006
US20,1980-04-28,198012,198009
US20,1980-07-29,198103,198012
US20,1980-10-28,198106,198103
US20,1981-01-26,198109,198106
US20,1981-04-28,198112,198109
US20,1981-07-28,198203,198112
US20,1981-10-27,198206,198203
US20,1982-01-26,198209,198206
US20,1982-04-27,198212,198209
US20,1982-07-27,198303,198212
US20,1982-10-26,198306,198303
US20,1983-01-25,198309,198306
US20,1983-04-26,198312,198309
US20,1983-07-27,198403,198312
US20,1983-10-26,198406,198403
US20,1984-01-25,198409,198406
US20,1984-04-26,198412,198409
US20,1984-07-27,198503,198412
US20,1984-10-26,198506,198503
US20,1985-01-24,198509,198506
US20,1985-04-26,198512,198509
US20,1985-07-29,198603,198512
US20,1985-10-28,198606,198603
US20,1986-01-24,198609,198606
US20,1986-04-28,198612,198609
US20,1986-07-29,198703,198612
US20,1986-10-28,198706,198703
US20,1987-01-26,198709,198706
US20,1987-04-28,198712,198709
US20,1987-07-28,198803,198712
US20,1987-10-27,198806,198803
US20,1988-01-26,198809,198806
US20,1988-04-26,198812,198809
US20,1988-07-27,198903,198812
US20,1988-10-26,198906,198903
US20,1989-01-24,198909,198906
US20,1989-04-26,198912,198909
US20,1989-07-27,199003,198912
US20,1989-10-26,199006,199003
US20,1990-01-24,199009,199006
US20,1990-04-26,199012,199009
US20,1990-07-27,199103,199012
US20,1990-10-26,199106,199103
US20,1991-01-24,199109,199106
US20,1991-04-26,199112,199109
US20,1991-07-29,199203,199112
US20,1991-10-28,199206,199203
US20,1992-01-27,199209,199206
US20,1992-04-28,199212,199209
US20,1992-07-28,199303,199212
US20,1992-10-27,199306,199303
US20,1993-01-26,199309,199306
US20,1993-04-27,199312,199309
US20,1993-07-27,199403,199312
US20,1993-10-26,199406,199403
US20,1994-01-25,199409,199406
US20,1994-04-26,199412,199409
US20,1994-07-27,199503,199412
US20,1994-10-26,199506,199503
US20,1995-01-24,199509,199506
US20,1995-04-26,199512,199509
US20,1995-07-27,199603,199512
US20,1995-10-26,199606,199603
US20,1996-01-25,199609,199606
US20,1996-04-26,199612,199609
US20,1996-07-29,199703,199612
US20,1996-10-28,199706,199703
US20,1997-01-24,199709,199706
US20,1997-04-28,199712,199709
US20,1997-07-29,199803,199712
US20,1997-10-28,199806,199803
US20,1998-01-26,199809,199806
US20,1998-04-28,199812,199809
US20,1998-07-28,199903,199812
US20,1998-10-27,199906,199903
US20,1999-01-26,199909,199906
US20,1999-04-27,199912,199909
US20,1999-07-27,200003,199912
US20,1999-10-26,200006,200003
US20,2000-01-25,200009,200006
US20,2000-04-26,200012,200009
US20,2000-07-27,200103,200012
US20,2000-10-26,200106,200103
US20,2001-01-24,200109,200106
US20,2001-04-26,200112,200109
US20,2001-07-27,200203,200112
US20,2001-10-26,200206,200203
US20,2002-01-24,200209,200206
US20,2002-04-26,200212,200209
US20,2002-07-29,200303,200212
US20,2002-10-28,200306,200303
US20,2003-01-24,200309,200306
US20,2003-04-28,200312,200309
US20,2003-07-29,200403,200312
US20,2003-10-28,200406,200403
US20,2004-01-27,200409,200406
US20,2004-04-27,200412,200409
US20,2004-07-27,200503,200412
US20,2004-10-26,200506,200503
US20,2005-01-25,200509,200506
US20,2005-04-26,200512,200509
US20,2005-07-27,200603,200512
US20,2005-10-26,200606,200603
US20,2006-01-24,200609,200606
US20,2006-04-26,200612,200609
US20,2006-07-27,200703,200612
US20,2006-10-26,200706,200703
US20,2007-01-24,200709,200706
US20,2007-04-26,200712,200709
US20,2007-07-27,200803,200712
US20,2007-10-26,200806,200803
US20,2008-01-25,200809,200806
US20,2008-04-28,200812,200809
US20,2008-07-29,200903,200812
US20,2008-10-28,200906,200903
US20,2009-01-26,200909,200906
US20,2009-04-28,200912,200909
US20,2009-07-28,201003,200912
US20,2009-10-27,201006,201003
US20,2010-01-26,201009,201006
US20,2010-04-27,201012,201009
US20,2010-07-27,201103,201012
US20,2010-10-26,201106,201103
US20,2011-01-25,201109,201106
US20,2011-04-26,201112,201109
US20,2011-07-27,201203,201112
US20,2011-10-26,201206,201203
US20,2012-01-25,201209,201206
US20,2012-04-26,201212,201209
US20,2012-07-27,201303,201212
US20,2012-10-26,201306,201303
US20,2013-01-24,201309,201306
US20,2013-04-26,201312,201309
US20,2013-09-19,201403,201312
US20,2013-12-11,201406,201403
US20,2014-03-13,201409,201406
US20,2014-05-27,201412,201409
US20,2014-08-25,201503,201412
US20,2014-11-28,201506,201503
US20,2015-02-23,201509,201506
US20,2015-05-29,201512,201509
US20,2015-09-04,201603,201512
US20,2015-11-20,201606,201603
US20,2016-02-19,201609,201606
US20,2016-05-20,201612,201609
US20,2016-08-30,201703,201612
US20,2016-11-23,201706,201703
US20,2017-02-23,201709,201706
US20,2017-05-23,201712,201709
US20,2017-08-23,201803,201712
US5,1988-06-13,198906,198903
US5,1989-01-24,198909,198906
US5,1989-04-26,198912,198909
US5,1989-07-27,199003,198912
US5,1989-10-26,199006,199003
US5,1990-01-24,199009,199006
US5,1990-04-26,199012,199009
US5,1990-07-27,199103,199012
US5,1990-10-26,199106,199103
US5,1991-01-24,199109,199106
US5,1991-04-26,199112,199109
US5,1991-07-29,199203,199112
US5,1991-10-28,199206,199203
US5,1992-01-27,199209,199206
US5,1992-04-28,199212,199209
US5,1992-07-28,199303,199212
US5,1992-10-27,199306,199303
US5,1993-01-26,199309,199306
US5,1993-04-27,199312,199309
US5,1993-07-27,199403,199312
US5,1993-10-26,199406,199403
US5,1994-01-25,199409,199406
US5,1994-04-26,199412,199409
US5,1994-07-27,199503,199412
US5,1994-10-26,199506,199503
US5,1995-01-24,199509,199506
US5,1995-04-26,199512,199509
US5,1995-07-27,199603,199512
US5,1995-10-26,199606,199603
US5,1996-01-25,199609,199606
US5,1996-04-26,199612,199609
US5,1996-07-29,199703,199612
US5,1996-10-28,199706,199703
US5,1997-01-24,199709,199706
US5,1997-04-28,199712,199709
US5,1997-07-29,199803,199712
US5,1997-10-28,199806,199803
US5,1998-01-26,199809,199806
US5,1998-04-28,199812,199809
US5,1998-07-28,199903,199812
US5,1998-10-27,199906,199903
US5,1999-01-26,199909,199906
US5,1999-04-27,199912,199909
US5,1999-07-27,200003,199912
US5,1999-10-26,200006,200003
US5,2000-01-25,200009,200006
US5,2000-04-26,200012,200009
US5,2000-07-27,200103,200012
US5,2000-10-26,200106,200103
US5,2001-01-24,200109,200106
US5,2001-04-26,200112,200109
US5,2001-07-27,200203,200112
US5,2001-10-26,200206,200203
US5,2002-01-24,200209,200206
US5,2002-04-26,200212,200209
US5,2002-07-29,200303,200212
US5,2002-10-28,200306,200303
US5,2003-01-24,200309,200306
US5,2003-04-28,200312,200309
US5,2003-07-29,200403,200312
US5,2003-10-28,200406,200403
US5,2004-01-27,200409,200406
US5,2004-04-27,200412,200409
US5,2004-07-27,200503,200412
US5,2004-10-26,200506,200503
US5,2005-01-25,200509,200506
US5,2005-04-26,200512,200509
US5,2005-07-27,200603,200512
US5,2005-10-26,200606,200603
US5,2006-01-24,200609,200606
US5,2006-04-26,200612,200609
US5,2006-07-27,200703,200612
US5,2006-10-26,200706,200703
US5,2007-01-24,200709,200706
US5,2007-04-26,200712,200709
US5,2007-07-27,200803,200712
US5,2007-10-26,200806,200803
US5,2008-01-25,200809,200806
US5,2008-04-28,200812,200809
US5,2008-07-29,200903,200812
US5,2008-10-28,200906,200903
US5,2009-01-26,200909,200906
US5,2009-04-28,200912,200909
US5,2009-07-28,201003,200912
US5,2009-10-27,201006,201003
US5,2010-01-26,201009,201006
US5,2010-04-27,201012,201009
US5,2010-07-27,201103,201012
US5,2010-10-26,201106,201103
US5,2011-01-25,201109,201106
US5,2011-04-26,201112,201109
US5,2011-07-27,201203,201112
US5,2011-10-26,201206,201203
US5,2012-01-25,201209,201206
US5,2012-04-26,201212,201209
US5,2012-07-27,201303,201212
US5,2012-10-26,201306,201303
US5,2013-01-24,201309,201306
US5,2013-04-26,201312,201309
US5,2013-09-30,201403,201312
US5,2013-12-11,201406,201403
US5,2014-03-06,201409,201406
US5,2014-05-27,201412,201409
US5,2014-08-25,201503,201412
US5,2014-11-28,201506,201503
US5,2015-02-24,201509,201506
US5,2015-05-21,201512,201509
US5,2015-08-31,201603,201512
US5,2015-11-20,201606,201603
US5,2016-02-23,201609,201606
US5,2016-05-23,201612,201609
US5,2016-08-30,201703,201612
US5,2016-11-23,201706,201703
US5,2017-02-23,201709,201706
US5,2017-05-23,201712,201709
US5,2017-08-23,201803,201712
V2X,2013-03-26,201310,201311
V2X,2013-10-08,201311,201312
V2X,2013-11-28,201312,201401
V2X,2013-12-16,201401,201402
V2X,2014-01-06,201402,201403
V2X,2014-02-12,201403,201404
V2X,2014-03-28,201404,201405
V2X,2014-04-07,201405,201406
V2X,2014-06-18,201406,201407
V2X,2014-07-11,201407,201408
V2X,2014-08-14,201408,201409
V2X,2014-08-20,201409,201410
V2X,2014-09-18,201410,201411
V2X,2014-10-14,201411,201412
V2X,2014-10-16,201412,201501
V2X,2014-12-12,201501,201502
V2X,2015-01-23,201502,201503
V2X,2015-02-18,201503,201504
V2X,2015-03-10,201504,201505
V2X,2015-04-13,201505,201506
V2X,2015-05-07,201506,201507
V2X,2015-06-01,201507,201508
V2X,2015-07-21,201508,201509
V2X,2015-08-05,201509,201510
V2X,2015-09-14,201510,201511
V2X,2015-10-19,201511,201512
V2X,2015-11-16,201512,201601
V2X,2015-12-07,201601,201602
V2X,2015-12-30,201602,201603
V2X,2016-02-11,201603,201604
V2X,2016-03-14,201604,201605
V2X,2016-04-20,201605,201606
V2X,2016-05-17,201606,201607
V2X,2016-06-10,201607,201608
V2X,2016-07-18,201608,201609
V2X,2016-08-16,201609,201610
V2X,2016-09-19,201610,201611
V2X,2016-10-17,201611,201612
V2X,2016-11-15,201612,201701
V2X,2016-12-12,201701,201702
V2X,2017-01-12,201702,201703
V2X,2017-01-25,201703,201704
V2X,2017-03-14,201704,201705
V2X,2017-04-20,201705,201706
V2X,2017-05-17,201706,201707
V2X,2017-06-09,201707,201708
VIX,2007-06-21,200805,200806
VIX,2008-05-20,200806,200807
VIX,2008-06-19,200807,200808
VIX,2008-07-21,200808,200809
VIX,2008-08-19,200809,200810
VIX,2008-09-18,200810,200811
VIX,2008-10-21,200811,200812
VIX,2008-11-19,200812,200901
VIX,2008-12-17,200901,200902
VIX,2009-01-20,200902,200903
VIX,2009-02-18,200903,200904
VIX,2009-03-19,200904,200905
VIX,2009-04-20,200905,200906
VIX,2009-05-19,200906,200907
VIX,2009-06-19,200907,200908
VIX,2009-07-21,200908,200909
VIX,2009-08-19,200909,200910
VIX,2009-09-18,200910,200911
VIX,2009-10-20,200911,200912
VIX,2009-11-19,200912,201001
VIX,2009-12-17,201001,201002
VIX,2010-01-20,201002,201003
VIX,2010-02-17,201003,201004
VIX,2010-03-19,201004,201005
VIX,2010-04-20,201005,201006
VIX,2010-05-19,201006,201007
VIX,2010-06-21,201007,201008
VIX,2010-07-20,201008,201009
VIX,2010-08-19,201009,201010
VIX,2010-09-20,201010,201011
VIX,2010-10-20,201011,201012
VIX,2010-11-19,201012,201101
VIX,2010-12-17,201101,201102
VIX,2011-01-19,201102,201103
VIX,2011-02-16,201103,201104
VIX,2011-03-21,201104,201105
VIX,2011-04-19,201105,201106
VIX,2011-05-19,201106,201107
VIX,2011-06-21,201107,201108
VIX,2011-07-19,201108,201109
VIX,2011-08-19,201109,201110
VIX,2011-09-20,201110,201111
VIX,2011-10-20,201111,201112
VIX,2011-11-21,201112,201201
VIX,2011-12-20,201201,201202
VIX,2012-01-18,201202,201203
VIX,2012-02-17,201203,201204
VIX,2012-03-20,201204,201205
VIX,2012-04-18,201205,201206
VIX,2012-05-21,201206,201207
VIX,2012-06-19,201207,201208
VIX,2012-07-19,201208,201209
VIX,2012-08-21,201209,201210
VIX,2012-09-18,201210,201211
VIX,2012-10-22,201211,201212
VIX,2012-11-20,201212,201301
VIX,2012-12-18,201301,201302
VIX,2013-01-17,201302,201303
VIX,2013-02-19,201303,201304
VIX,2013-03-19,201304,201305
VIX,2013-04-18,201305,201306
VIX,2013-05-21,201307,201308
VIX,2013-06-19,201308,201309
VIX,2013-07-24,201403,201404
VIX,2014-01-17,201404,201405
VIX,2014-04-07,201405,201406
VIX,2014-06-17,201406,201407
VIX,2014-07-11,201407,201408
VIX,2014-08-13,201408,201409
VIX,2014-08-18,201409,201410
VIX,2014-09-18,201410,201411
VIX,2014-10-16,201411,201412
VIX,2014-11-28,201412,201501
VIX,2014-12-12,201501,201502
VIX,2015-01-23,201502,201503
VIX,2015-02-18,201503,201504
VIX,2015-03-10,201504,201505
VIX,2015-04-14,201505,201506
VIX,2015-05-19,201506,201507
VIX,2015-06-17,201507,201508
VIX,2015-07-21,201508,201509
VIX,2015-08-05,201509,201510
VIX,2015-09-14,201510,201511
VIX,2015-09-30,201511,201512
VIX,2015-11-18,201512,201601
VIX,2015-12-11,201601,201602
VIX,2016-01-12,201602,201603
VIX,2016-01-27,201603,201604
VIX,2016-02-25,201604,201605
VIX,2016-04-01,201605,201606
VIX,2016-05-16,201606,201607
VIX,2016-06-10,201607,201608
VIX,2016-07-18,201608,201609
VIX,2016-08-15,201609,201610
VIX,2016-09-19,201610,201611
VIX,2016-10-17,201611,201612
VIX,2016-11-15,201612,201701
VIX,2016-12-12,201701,201702
VIX,2017-01-12,201702,201703
VIX,2017-01-25,201703,201704
VIX,2017-02-24,201704,201705
VIX,2017-03-31,201705,201706
VIX,2017-04-27,201706,201707
VIX,2017-06-09,201707,201708
WHEAT,2000-01-04,200009,200012
WHEAT,2000-09-19,200109,200112
WHEAT,2001-09-18,200209,200212
WHEAT,2002-09-18,200309,200312
WHEAT,2003-09-18,200409,200412
WHEAT,2004-10-01,200509,200512
WHEAT,2005-09-20,200609,200612
WHEAT,2006-09-19,200709,200712
WHEAT,2007-09-18,200809,200812
WHEAT,2008-09-18,200909,200912
WHEAT,2009-09-18,201009,201012
WHEAT,2010-09-20,201109,201112
WHEAT,2011-09-20,201209,201212
WHEAT,2012-09-18,201309,201312
WHEAT,2013-12-03,201409,201412
WHEAT,2014-10-16,201509,201512
WHEAT,2015-09-15,201609,201612
WHEAT,2016-09-12,201709,201712
WHEAT,2017-09-15,201809,201812
